-144.75;45.25;5.596314544582102e-06
-128.75;45.25;-1.2640226009516111e-06
-129.25;45.25;-2.696294227808368e-06
-129.75;45.25;-4.454898728761497e-06
-130.25;45.25;-2.7265155806497546e-06
-130.75;45.25;2.54183537251065e-06
-131.25;45.25;6.5186371022665975e-06
-131.75;45.25;4.643787429350904e-06
-132.25;45.25;-1.8184383903058987e-06
-132.75;45.25;-6.739075456167496e-06
-133.25;45.25;-5.7448876618781655e-06
-133.75;45.25;-6.860765186402478e-07
-134.25;45.25;3.1460119448486675e-06
-111.25;45.25;3.202702659030591e-06
-134.75;45.25;3.1681060140337697e-06
-128.25;45.25;-2.471663224782343e-06
-135.25;45.25;1.3558383997695632e-06
-136.25;45.25;-1.0327026376999182e-06
-136.75;45.25;-4.588239013650652e-06
-137.25;45.25;-9.570799959530578e-06
-137.75;45.25;-1.1631584552946696e-05
-138.25;45.25;-8.21911588898939e-06
-138.75;45.25;-2.7168151798082974e-06
-139.25;45.25;-1.3128443254155975e-06
-139.75;45.25;-5.640112701473497e-06
-140.25;45.25;-1.0238367959481282e-05
-140.75;45.25;-8.490298953147656e-06
-141.25;45.25;-2.422321867693846e-07
-141.75;45.25;7.986159951657018e-06
-142.25;45.25;1.0368058813778363e-05
-142.75;45.25;7.797146747427136e-06
-135.75;45.25;2.0778924318781255e-07
-143.25;45.25;5.658926626641186e-06
-127.75;45.25;-4.56911960329081e-06
-126.75;45.25;-2.4583982282166994e-06
-111.75;45.25;6.996147071536311e-07
-112.25;45.25;-4.020405944474279e-07
-112.75;45.25;9.596372379914137e-07
-113.25;45.25;2.943045506010428e-06
-113.75;45.25;2.8179668218559643e-06
-114.25;45.25;1.513306621721913e-07
-114.75;45.25;-2.5473829456976314e-06
-115.25;45.25;-2.5558723988531714e-06
-115.75;45.25;1.1096853484398539e-07
-116.25;45.25;2.920517407460435e-06
-116.75;45.25;3.7598413172793534e-06
-117.25;45.25;2.967172907766226e-06
-117.75;45.25;2.2149257273726466e-06
-118.25;45.25;2.0473189455887017e-06
-127.25;45.25;-4.606499528861375e-06
-118.75;45.25;1.3789546519405867e-06
-119.75;45.25;-2.767113968440038e-06
-120.25;45.25;-3.3859221939534254e-06
-120.75;45.25;-2.134509234125039e-06
-121.25;45.25;-6.293649584615572e-07
-121.75;45.25;-3.8530386913726274e-07
-122.25;45.25;-1.1067315423213702e-06
-122.75;45.25;-1.5167160928950552e-06
-123.25;45.25;-1.3901216651085729e-06
-123.75;45.25;-1.7982653331456174e-06
-124.25;45.25;-3.201790930606929e-06
-124.75;45.25;-4.278414375743479e-06
-125.25;45.25;-3.510257479888589e-06
-125.75;45.25;-1.5411755389075405e-06
-126.25;45.25;-8.06197015240637e-07
-119.25;45.25;-5.753807304967541e-07
-143.75;45.25;6.716668869689097e-06
-110.75;45.25;4.447045825735916e-06
-144.25;45.25;8.087775032270755e-06
-120.25;45.75;8.664575673680922e-06
-129.75;45.75;-1.3049779661838659e-05
-132.75;45.75;-1.1613794384699438e-05
-126.75;45.75;4.42248810401033e-06
-142.75;45.75;6.845064126160769e-06
-138.75;45.75;4.838779109941293e-06
-137.75;45.75;-2.719265480005292e-06
-141.75;45.75;2.124708824718839e-06
-116.25;45.75;4.587420303828888e-06
-122.75;45.75;3.4258820935787626e-06
-120.75;45.75;6.12939603039792e-06
-115.75;45.75;5.345171870040233e-06
-140.25;45.75;-7.525371792474287e-06
-127.75;45.75;-1.2730984810964235e-06
-129.25;45.75;-1.0235249054858877e-05
-136.75;45.75;1.4372542421955018e-06
-124.25;45.75;1.197169088822899e-06
-128.75;45.75;-5.8438228531017884e-06
-133.25;45.75;-8.536972679405029e-06
-133.75;45.75;-8.282610121524622e-07
-140.75;45.75;-1.0578608106421324e-05
-116.75;45.75;1.933062473583969e-06
-132.25;45.75;-6.920249807197481e-06
-117.25;45.75;-1.4618928121885848e-06
-118.75;45.75;6.345734361151459e-06
-138.25;45.75;-2.712673443899445e-07
-131.25;45.75;2.280985830787298e-06
-130.75;45.75;-3.1151346188517014e-06
-118.25;45.75;7.69499813526649e-07
-127.25;45.75;1.3692741747399422e-06
-123.25;45.75;3.7325124479103624e-06
-136.25;45.75;4.940710199598452e-07
-124.75;45.75;-2.0785030808213795e-07
-119.25;45.75;1.0436549935184469e-05
-130.25;45.75;-1.0368571628003464e-05
-141.25;45.75;-5.768688301557634e-06
-131.75;45.75;3.4214971754234647e-07
-144.25;45.75;7.50912345405206e-06
-142.25;45.75;6.746739557275899e-06
-117.75;45.75;-2.449437759482716e-06
-125.25;45.75;7.187877974985633e-07
-135.75;45.75;-1.7566825901785806e-06
-119.75;45.75;1.0873788666827494e-05
-143.25;45.75;5.979996681614223e-06
-115.25;45.75;5.337175557327221e-06
-135.25;45.75;-1.0495291683924776e-06
-128.25;45.75;-3.0536254891158867e-06
-121.25;45.75;4.48260902517397e-06
-123.75;45.75;3.0550299963129015e-06
-134.75;45.75;2.6117808236542314e-06
-134.25;45.75;3.980800159944651e-06
-125.75;45.75;3.537338812205709e-06
-121.75;45.75;3.5880814398224145e-06
-113.75;45.75;-5.017643028573588e-07
-139.25;45.75;6.264441745151001e-06
-143.75;45.75;6.763691830570903e-06
-113.25;45.75;-6.1290854464934274e-06
-139.75;45.75;6.745751270377078e-07
-122.25;45.75;3.217067960340695e-06
-114.25;45.75;3.8025528022783697e-06
-137.25;45.75;-8.061361372715513e-07
-112.75;45.75;-9.107031494468035e-06
-114.75;45.75;5.273594559630872e-06
-111.75;45.75;-2.8474447135263335e-06
-144.75;45.75;5.129397162854766e-06
-126.25;45.75;5.465268366235241e-06
-112.25;45.75;-7.192983323388151e-06
-138.25;46.25;2.689906340254832e-06
-135.75;46.25;-5.9297632302343564e-06
-119.75;46.25;8.935034720326618e-06
-118.75;46.25;4.099343063400833e-07
-127.25;46.25;1.8171666117647694e-06
-125.25;46.25;2.2823744101802525e-06
-132.25;46.25;3.014305264220403e-06
-134.75;46.25;-1.6964021223626561e-06
-144.25;46.25;-1.767726366803988e-07
-128.25;46.25;-7.440030777603607e-07
-120.25;46.25;9.085716673594685e-06
-140.75;46.25;-1.7086131971418703e-06
-134.25;46.25;5.684727595703872e-06
-117.25;46.25;-6.173525165558036e-06
-139.25;46.25;7.969029047950607e-06
-142.25;46.25;-1.4146893413952567e-06
-122.25;46.25;5.128562923574438e-06
-123.25;46.25;2.842363966194246e-06
-119.25;46.25;6.207464022040831e-06
-136.25;46.25;2.6410024011877338e-06
-118.25;46.25;-5.656254276940454e-06
-112.75;46.25;-6.651260391800377e-06
-130.75;46.25;-1.859677352212348e-06
-117.75;46.25;-8.15311171982585e-06
-113.25;46.25;-5.358337585585452e-06
-144.75;46.25;1.0487506335872293e-06
-127.75;46.25;-5.61131066068571e-07
-143.75;46.25;-2.9062903556168135e-06
-141.25;46.25;-2.0176182524225573e-06
-131.75;46.25;5.350841234555407e-06
-112.25;46.25;-2.4095586705259532e-06
-131.25;46.25;3.7186386017847447e-06
-124.75;46.25;1.8319444159935369e-06
-130.25;46.25;-6.464702083138243e-06
-121.25;46.25;8.338825628371055e-06
-141.75;46.25;-8.428840848594586e-07
-120.75;46.25;8.669349441736118e-06
-121.75;46.25;7.235040792661434e-06
-115.75;46.25;7.779099718817894e-07
-124.25;46.25;2.6486728701431174e-06
-122.75;46.25;3.3018599879541897e-06
-116.25;46.25;-1.7477427439839926e-07
-113.75;46.25;-1.5074747846351843e-07
-135.25;46.25;-7.815080261114633e-06
-128.75;46.25;-7.959710162600836e-07
-140.25;46.25;2.1396509998128474e-06
-137.75;46.25;5.174986120041779e-06
-125.75;46.25;4.4174522519483425e-06
-138.75;46.25;4.961764674375848e-06
-114.75;46.25;4.119866819956137e-06
-139.75;46.25;6.884006303810251e-06
-116.75;46.25;-2.5046530259515662e-06
-142.75;46.25;-3.654088810548898e-06
-133.75;46.25;7.485725307052478e-06
-126.75;46.25;5.021559000644762e-06
-133.25;46.25;4.153654245836624e-06
-143.25;46.25;-4.659290166538301e-06
-136.75;46.25;9.807581197302294e-06
-123.75;46.25;3.06846024419307e-06
-126.25;46.25;6.100237184914229e-06
-114.25;46.25;3.901430203913852e-06
-137.25;46.25;9.811102300502806e-06
-132.75;46.25;1.5682387163600563e-06
-115.25;46.25;2.1972505606146875e-06
-129.25;46.25;-3.109114643339645e-06
-129.75;46.25;-6.365022456184366e-06
-140.25;46.75;3.2366151816350587e-06
-135.25;46.75;-1.04716015514434e-05
-121.75;46.75;4.376350875392135e-06
-126.25;46.75;-2.727420522054661e-06
-133.75;46.75;4.472319923685152e-06
-131.25;46.75;1.9862224594267077e-06
-121.25;46.75;3.161443134205822e-06
-138.25;46.75;-6.788820310030105e-06
-127.25;46.75;-4.911215436359039e-06
-123.25;46.75;-2.4685240434878997e-06
-140.75;46.75;3.7670238486419436e-06
-133.25;46.75;4.216790715077529e-06
-138.75;46.75;-6.410811106994109e-06
-132.75;46.75;3.6407075376922142e-06
-120.25;46.75;-3.951118614199437e-06
-135.75;46.75;-7.759096234291262e-06
-144.25;46.75;-1.1993972575625788e-06
-132.25;46.75;4.241412368872613e-06
-134.25;46.75;1.043679770848777e-06
-119.75;46.75;-4.387702389020165e-06
-126.75;46.75;-3.0175254377949592e-06
-125.75;46.75;-3.7804198110463215e-06
-139.25;46.75;-2.1401190827948282e-06
-125.25;46.75;-3.612363750511496e-06
-134.75;46.75;-5.795093761293475e-06
-120.75;46.75;-8.017326417783536e-07
-141.25;46.75;3.95851827873576e-06
-131.75;46.75;4.1317901651921035e-06
-122.75;46.75;-1.6066601088635623e-06
-119.25;46.75;-3.292229087659908e-06
-139.75;46.75;1.6537508848840583e-06
-122.25;46.75;1.8085813059814892e-06
-143.25;46.75;-4.1429368170565935e-06
-114.25;46.75;7.179232122411917e-07
-142.25;46.75;-3.4865045466274086e-07
-141.75;46.75;2.7539111150841517e-06
-124.75;46.75;-1.6014856529884333e-06
-117.25;46.75;5.292654490931571e-06
-137.75;46.75;-1.351736207131907e-06
-114.75;46.75;-2.6505366304617142e-06
-130.25;46.75;1.6870524164694463e-06
-116.25;46.75;1.919676988944232e-06
-115.25;46.75;-5.0440227397945134e-06
-128.75;46.75;5.07970984212277e-06
-127.75;46.75;-5.1533702721596905e-06
-115.75;46.75;-3.147503084529831e-06
-124.25;46.75;-1.0918548736104782e-07
-117.75;46.75;2.0577567805558475e-06
-130.75;46.75;1.0030087366596614e-07
-136.25;46.75;6.299444877282625e-07
-137.25;46.75;5.6030235342552275e-06
-116.75;46.75;5.696382857510812e-06
-144.75;46.75;-1.098883051883805e-06
-113.25;46.75;3.1863111258160654e-07
-118.75;46.75;-2.25726985539744e-06
-143.75;46.75;-2.6006445254591945e-06
-136.75;46.75;6.983689207159742e-06
-129.75;46.75;5.9786745178878005e-06
-129.25;46.75;8.202835469601191e-06
-118.25;46.75;-8.441756198840529e-07
-113.75;46.75;1.524325805837021e-06
-128.25;46.75;-1.1053139607200515e-06
-142.75;46.75;-3.4478814847754924e-06
-123.75;46.75;-9.4653890495087e-07
-129.75;47.25;5.1569093385628495e-06
-115.75;47.25;-7.367393836040517e-07
-133.25;47.25;-9.586289726072278e-06
-122.75;47.25;-6.989532816493468e-07
-137.75;47.25;-4.8535486644259345e-06
-140.75;47.25;-1.395501179915868e-06
-120.75;47.25;-2.962716455665459e-06
-116.75;47.25;1.2826260776577485e-05
-116.25;47.25;6.7479558740048e-06
-132.75;47.25;-8.41564790743862e-06
-142.75;47.25;4.0293162026692244e-06
-138.75;47.25;-5.584561151856784e-06
-141.75;47.25;3.518080043500825e-06
-140.25;47.25;-3.5419017759909855e-06
-134.75;47.25;-2.5008358600510637e-06
-143.75;47.25;7.652288613686434e-06
-139.25;47.25;-4.39919983996271e-06
-124.25;47.25;2.3272779348680685e-06
-128.25;47.25;-5.0510048711752765e-06
-134.25;47.25;-4.247299288536777e-06
-128.75;47.25;9.386551290314683e-07
-144.75;47.25;2.474385559733341e-07
-139.75;47.25;-4.055298383682245e-06
-114.25;47.25;-7.579342933029429e-07
-114.75;47.25;-4.106469361506696e-06
-121.75;47.25;4.828382512767488e-06
-125.75;47.25;-7.044356830390924e-06
-126.25;47.25;-4.954076561235497e-06
-137.25;47.25;-1.810151616494319e-06
-115.25;47.25;-4.940045527477985e-06
-121.25;47.25;2.230756554117776e-06
-143.25;47.25;6.042229970521462e-06
-133.75;47.25;-7.530260603426481e-06
-135.25;47.25;-2.330652010691305e-06
-144.25;47.25;5.629046004413807e-06
-129.25;47.25;5.930543815799116e-06
-127.75;47.25;-6.817318715025054e-06
-126.75;47.25;-3.2012841340490817e-06
-127.25;47.25;-4.650931856898136e-06
-130.25;47.25;-1.768892332860562e-07
-141.25;47.25;1.6800078067267549e-06
-119.75;47.25;-3.968048453294303e-06
-131.75;47.25;-4.664765026180508e-06
-123.25;47.25;-1.169022218841659e-06
-142.25;47.25;3.634337038197961e-06
-125.25;47.25;-5.466718775681853e-06
-130.75;47.25;-4.720155458708e-06
-119.25;47.25;5.883527129361359e-07
-136.25;47.25;-3.1670240959223525e-07
-117.75;47.25;1.2033184710198708e-05
-132.25;47.25;-5.697842365780973e-06
-118.25;47.25;8.572039827574129e-06
-136.75;47.25;1.5878652061126372e-07
-117.25;47.25;1.4325669857026375e-05
-124.75;47.25;-8.012562354211816e-07
-120.25;47.25;-5.806948367613644e-06
-118.75;47.25;4.971195916564623e-06
-122.25;47.25;2.7698385477305853e-06
-138.25;47.25;-6.32368298667629e-06
-135.75;47.25;-1.7758997380432172e-06
-123.75;47.25;1.2883694248667928e-06
-131.25;47.25;-5.486692837431489e-06
-130.75;47.75;-5.635091998371516e-06
-121.75;47.75;7.68432906686346e-06
-125.75;47.75;-3.6586933226028756e-06
-128.25;47.75;-6.105821279698145e-06
-134.75;47.75;5.303587200727148e-06
-115.25;47.75;-1.7748586108977758e-07
-144.25;47.75;7.958520866285091e-06
-119.75;47.75;6.702508786036126e-06
-122.25;47.75;6.280471458575409e-06
-131.75;47.75;-2.2275610344520195e-06
-123.25;47.75;3.3957095045351572e-06
-131.25;47.75;-4.3581738399778255e-06
-126.25;47.75;3.3280108831800734e-07
-119.25;47.75;8.756659448408385e-06
-143.75;47.75;9.198354360904358e-06
-124.25;47.75;7.007065352256448e-06
-144.75;47.75;1.7296709926851069e-06
-139.75;47.75;-7.757035254832402e-07
-127.25;47.75;3.6533989714929696e-06
-121.25;47.75;5.751173873360742e-06
-118.25;47.75;3.554496575645988e-06
-128.75;47.75;-5.34307517650863e-06
-118.75;47.75;7.182077517890595e-06
-134.25;47.75;-1.1554247021184392e-06
-136.25;47.75;2.2073903747788776e-07
-139.25;47.75;5.885972840094476e-06
-138.25;47.75;7.344680113123395e-06
-132.75;47.75;-7.442860111747889e-06
-143.25;47.75;5.8670603191945565e-06
-127.75;47.75;-1.882414128070293e-06
-124.75;47.75;3.309592852144241e-06
-132.25;47.75;-3.219291630882677e-06
-116.25;47.75;1.920767836348944e-06
-120.75;47.75;3.159962370197189e-06
-136.75;47.75;-2.6109048539249384e-06
-116.75;47.75;2.1567912935334867e-06
-126.75;47.75;4.6318103523637555e-06
-117.25;47.75;1.3150059622235239e-06
-135.75;47.75;4.636116909461499e-06
-142.75;47.75;2.1376548756119175e-06
-120.25;47.75;3.565738728625725e-06
-129.75;47.75;-1.4203717398074908e-06
-123.75;47.75;6.003790578895518e-06
-140.75;47.75;-6.242677085614017e-06
-138.75;47.75;9.260457660507068e-06
-117.75;47.75;1.2179515987770852e-06
-133.25;47.75;-1.040272336301825e-05
-137.75;47.75;2.3347627428218225e-06
-137.25;47.75;-1.853624977277018e-06
-133.75;47.75;-8.011603471797966e-06
-135.25;47.75;7.291833656537633e-06
-141.25;47.75;-3.294770672980859e-06
-130.25;47.75;-3.8045992741813414e-06
-125.25;47.75;-2.1929231896379195e-06
-129.25;47.75;-2.176145490267336e-06
-140.25;47.75;-5.868365732839926e-06
-141.75;47.75;-6.450861235954047e-07
-122.75;47.75;3.5395033989357063e-06
-115.75;47.75;7.143011334015689e-07
-142.25;47.75;4.6743313428768604e-07
-138.75;48.25;8.660827405301781e-06
-125.75;48.25;-5.244453595439153e-06
-135.75;48.25;1.510882865988249e-06
-123.25;48.25;1.6964605475020393e-06
-135.25;48.25;4.593261081617999e-06
-124.75;48.25;1.97181949947796e-06
-139.25;48.25;5.54372586257005e-06
-124.25;48.25;4.485296970912677e-06
-125.25;48.25;-2.9823157529685387e-06
-123.75;48.25;3.2709824511312428e-06
-122.75;48.25;2.5808997728286788e-06
-137.75;48.25;2.807923307778873e-06
-138.25;48.25;7.3167001280558815e-06
-136.75;48.25;-3.4687081234025616e-06
-136.25;48.25;-1.994955119884059e-06
-137.25;48.25;-1.6491988089643347e-06
-131.75;48.25;5.965037264375389e-06
-121.25;48.25;1.9257349035365735e-06
-142.75;48.25;-3.89239286480939e-06
-133.25;48.25;1.718195954856665e-06
-120.75;48.25;1.2193789193086764e-06
-127.75;48.25;9.001959761235036e-07
-126.75;48.25;2.86597609529108e-06
-117.25;48.25;-1.0040017874543261e-05
-140.75;48.25;-2.666651713546336e-06
-132.75;48.25;4.915451293772964e-06
-130.25;48.25;-4.1085109905511895e-08
-120.25;48.25;3.903323303846394e-06
-117.75;48.25;-9.554528195083088e-06
-142.25;48.25;-1.9989205922559117e-06
-132.25;48.25;7.2390674714466414e-06
-130.75;48.25;-2.478209629632922e-07
-127.25;48.25;4.245031972620082e-06
-141.25;48.25;-3.0550244721676014e-07
-118.25;48.25;-5.4943792686880635e-06
-118.75;48.25;1.1441317980707899e-06
-119.75;48.25;7.144756622045284e-06
-122.25;48.25;4.442426290277904e-06
-119.25;48.25;6.512455209797809e-06
-141.75;48.25;1.9884005141079938e-07
-116.75;48.25;-8.086602357800764e-06
-140.25;48.25;-3.19603943735641e-06
-129.75;48.25;6.1060732579235e-07
-131.25;48.25;2.263563361156068e-06
-139.75;48.25;2.1582955215115195e-07
-121.75;48.25;4.165657941462631e-06
-134.25;48.25;3.042528307642422e-06
-133.75;48.25;1.0038436098125497e-06
-126.25;48.25;-2.14942166621223e-06
-128.75;48.25;-3.2293117023394197e-06
-128.25;48.25;-2.922284839064607e-06
-143.25;48.25;-2.3736157521780683e-06
-129.25;48.25;-8.444552585459878e-07
-143.75;48.25;1.7892484907142013e-06
-134.75;48.25;5.097570953569299e-06
-115.75;48.25;-1.2131582133746065e-06
-116.25;48.25;-4.8296191576397625e-06
-144.75;48.25;3.694202793408149e-06
-144.25;48.25;4.664529764400309e-06
-118.25;48.75;1.2375216745145355e-06
-118.75;48.75;3.8417708053847757e-07
-130.75;48.75;-1.2208301873456438e-06
-128.75;48.75;1.976541984486624e-06
-131.25;48.75;-2.224897698661362e-06
-143.75;48.75;8.368721200717752e-07
-138.25;48.75;-7.997290566755972e-06
-127.75;48.75;-2.1130790012989917e-06
-129.75;48.75;4.500988325621581e-06
-144.75;48.75;6.317727958433964e-06
-116.75;48.75;-9.042596772924632e-08
-124.75;48.75;1.1465249025610621e-07
-136.75;48.75;-3.67788475354059e-07
-117.75;48.75;3.185480817715509e-06
-137.25;48.75;-1.7757824300961482e-06
-130.25;48.75;1.8793259494336853e-06
-143.25;48.75;-9.694405865545479e-07
-123.75;48.75;-1.1812460068962661e-06
-117.25;48.75;3.0690260032129082e-06
-129.25;48.75;4.3903755147606875e-06
-141.75;48.75;5.379744725701206e-06
-142.75;48.75;1.8362778458171686e-07
-137.75;48.75;-5.050265135242217e-06
-142.25;48.75;3.2066692676111683e-06
-128.25;48.75;-5.211231654771077e-07
-122.25;48.75;3.1820324341460796e-06
-136.25;48.75;-1.4546237463965882e-06
-133.75;48.75;3.697842122760678e-06
-135.75;48.75;-3.310986651941223e-06
-138.75;48.75;-8.993115855306365e-06
-132.75;48.75;3.688745951441583e-06
-140.75;48.75;1.7300199327991146e-06
-126.75;48.75;-6.840411196240485e-06
-124.25;48.75;2.865298346347326e-07
-139.75;48.75;-5.547128866915252e-06
-120.75;48.75;-4.700858486790624e-06
-133.25;48.75;4.402006703903957e-06
-121.25;48.75;-3.4516834902195572e-06
-122.75;48.75;1.8850690302016305e-06
-140.25;48.75;-2.1547863226745222e-06
-125.75;48.75;-7.630983227819263e-06
-121.75;48.75;6.367635591166112e-07
-120.25;48.75;-2.207068030728398e-06
-135.25;48.75;-3.562524810390044e-06
-132.25;48.75;1.7736244348782395e-06
-131.75;48.75;-7.164299099723969e-07
-119.25;48.75;1.0903658046353349e-06
-119.75;48.75;6.551762644563074e-07
-123.25;48.75;-7.522817401643066e-07
-134.75;48.75;-1.513722035135266e-06
-134.25;48.75;1.4859712599936114e-06
-125.25;48.75;-3.3944999508878115e-06
-144.25;48.75;4.120181104977981e-06
-127.25;48.75;-3.962111459337963e-06
-126.25;48.75;-8.923834608395321e-06
-139.25;48.75;-7.962146664845373e-06
-141.25;48.75;4.790642970751825e-06
-137.25;49.25;2.8863149965217655e-06
-134.75;49.25;-3.261863782098726e-07
-128.75;49.25;1.4272342820163631e-06
-126.25;49.25;-4.753675588501045e-06
-144.25;49.25;5.230569322825858e-06
-129.25;49.25;1.6669989172125948e-06
-124.75;49.25;4.085167315968468e-06
-134.25;49.25;2.531459873983681e-06
-133.25;49.25;-7.294508472612826e-07
-129.75;49.25;1.1099865183478189e-07
-136.25;49.25;4.587142222702303e-06
-125.25;49.25;3.2632535492638594e-06
-131.25;49.25;-9.250502218818327e-06
-127.25;49.25;-5.364379477285797e-06
-130.75;49.25;-6.228929997667637e-06
-127.75;49.25;-2.8902766020920235e-06
-132.25;49.25;-9.982755406941046e-06
-132.75;49.25;-6.069602005774248e-06
-136.75;49.25;6.394062831350241e-06
-135.75;49.25;3.328902033052855e-07
-125.75;49.25;-6.481385095860475e-07
-130.25;49.25;-2.813014052933424e-06
-131.75;49.25;-1.0893361831556774e-05
-126.75;49.25;-6.419113483945245e-06
-133.75;49.25;2.8449270831813237e-06
-135.25;49.25;-1.8810295649019134e-06
-124.25;49.25;2.030839837450689e-06
-128.25;49.25;-3.2314147802139286e-07
-118.75;49.25;4.1207585433462125e-06
-120.25;49.25;1.5443847932223057e-06
-138.75;49.25;-1.1638423746865421e-05
-140.75;49.25;-7.635265696407659e-07
-141.75;49.25;2.4679251112612163e-06
-117.75;49.25;1.6851412271677817e-05
-142.75;49.25;8.181328377322758e-06
-120.75;49.25;-3.8683759830308105e-07
-142.25;49.25;5.950892433755511e-06
-121.25;49.25;2.6708449090027195e-07
-140.25;49.25;-1.3779531124419337e-06
-141.25;49.25;-2.239723238612493e-08
-119.75;49.25;2.5492444029939208e-06
-137.75;49.25;-4.2840569620589295e-06
-123.25;49.25;2.7142719698979026e-06
-122.75;49.25;6.420336987588568e-06
-123.75;49.25;6.57504490931459e-07
-143.75;49.25;6.330584936149666e-06
-143.25;49.25;7.95185009689186e-06
-144.75;49.25;5.087798001585784e-06
-121.75;49.25;4.150934993271941e-06
-139.75;49.25;-3.9737107255400915e-06
-138.25;49.25;-1.0356099452991766e-05
-119.25;49.25;2.1435458712763957e-06
-118.25;49.25;1.0554148983349772e-05
-122.25;49.25;7.372926093205938e-06
-139.25;49.25;-8.396837295827423e-06
-120.25;49.75;1.029514802629616e-05
-141.75;49.75;-6.311927452735566e-06
-132.25;49.75;-4.8737426724612774e-06
-136.25;49.75;4.1438184934089425e-06
-131.75;49.75;-3.1724854039071145e-06
-125.25;49.75;5.86687399789676e-06
-127.25;49.75;1.3602305105119044e-06
-119.25;49.75;5.201942498764139e-06
-119.75;49.75;9.72026080199499e-06
-123.25;49.75;4.663974738207786e-06
-138.25;49.75;1.9533283824414594e-06
-141.25;49.75;-8.507800267552285e-06
-138.75;49.75;3.70209313757429e-06
-122.25;49.75;6.846133395160933e-06
-139.25;49.75;5.737294582453545e-06
-126.25;49.75;3.727093177321237e-06
-139.75;49.75;5.3904841540900136e-06
-134.25;49.75;7.906619775567722e-06
-121.75;49.75;4.622933613412431e-06
-133.75;49.75;5.783615267053987e-06
-135.25;49.75;4.5841513283671106e-06
-132.75;49.75;-3.720617740083752e-06
-126.75;49.75;2.1827210287690364e-06
-140.25;49.75;1.241553523274511e-06
-144.25;49.75;2.7482770024908774e-06
-125.75;49.75;5.353171755202614e-06
-121.25;49.75;3.941352982239917e-06
-124.25;49.75;2.8168936491575573e-06
-133.25;49.75;8.016409141901213e-07
-140.75;49.75;-4.864304118041809e-06
-135.75;49.75;3.7236756461451425e-06
-122.75;49.75;7.005345955728554e-06
-120.75;49.75;6.823082079864709e-06
-134.75;49.75;6.725407750392415e-06
-128.75;49.75;-1.828786167020462e-06
-124.75;49.75;4.653586326074775e-06
-143.25;49.75;9.30671524122428e-06
-129.75;49.75;-5.846846681878285e-06
-142.25;49.75;6.342844796847809e-07
-144.75;49.75;6.682065915415467e-07
-137.25;49.75;3.3184991364380786e-06
-127.75;49.75;9.907036935120637e-07
-136.75;49.75;4.306799239796414e-06
-123.75;49.75;2.5614653645275813e-06
-129.25;49.75;-4.422282580635116e-06
-130.75;49.75;-2.6669192314228226e-06
-143.75;49.75;6.582380266325589e-06
-137.75;49.75;2.0028524930836054e-06
-131.25;49.75;-1.739499628396003e-06
-142.75;49.75;7.322768231731555e-06
-128.25;49.75;1.6188284883151734e-07
-130.25;49.75;-4.896043552517223e-06
-118.75;49.75;2.138543568833257e-06
-121.25;50.25;-6.535623566027045e-07
-142.75;50.25;1.6567736354126397e-06
-133.25;50.25;3.0373343285480186e-06
-144.75;50.25;4.6177626824891536e-07
-125.75;50.25;-6.17022824340172e-07
-129.75;50.25;-4.874968958224593e-06
-143.25;50.25;3.2629604019743125e-06
-137.75;50.25;-1.5028744817896325e-07
-131.25;50.25;6.3523408546683025e-06
-126.75;50.25;2.9904592167253853e-06
-122.75;50.25;1.0420631989207312e-06
-140.25;50.25;8.963678841740877e-07
-135.25;50.25;3.216087696316846e-06
-133.75;50.25;4.608684960795175e-06
-137.25;50.25;-5.051165372093651e-06
-121.75;50.25;-1.870761775744534e-06
-128.75;50.25;-7.887184694932306e-07
-134.25;50.25;5.6944757917744365e-06
-139.75;50.25;4.366541338141113e-06
-128.25;50.25;1.0218284359948254e-06
-126.25;50.25;1.7349977779675606e-06
-139.25;50.25;6.998927718218124e-06
-134.75;50.25;5.286306294764243e-06
-143.75;50.25;2.127290131871733e-06
-129.25;50.25;-3.4521179836291067e-06
-120.75;50.25;4.031748884676242e-06
-140.75;50.25;-2.775063543796694e-06
-141.25;50.25;-5.4349811075994315e-06
-141.75;50.25;-5.340753827344194e-06
-119.25;50.25;6.514468915966308e-06
-131.75;50.25;6.940875957421891e-06
-138.25;50.25;5.064883939831945e-06
-130.75;50.25;2.162683624804478e-06
-127.75;50.25;1.9663347361902562e-06
-136.25;50.25;-4.372445343795191e-06
-119.75;50.25;1.0595314219145997e-05
-142.25;50.25;-2.2015365119461163e-06
-122.25;50.25;-5.094587430072956e-07
-135.75;50.25;-3.4306233264397357e-07
-136.75;50.25;-6.615098270937223e-06
-127.25;50.25;2.7579032182916456e-06
-125.25;50.25;-2.328856875490795e-06
-123.25;50.25;1.4704376290379316e-06
-124.25;50.25;-7.903656097507566e-07
-130.25;50.25;-2.779274538046893e-06
-132.75;50.25;2.804774881876757e-06
-138.75;50.25;7.645268796305588e-06
-144.25;50.25;5.261053763926913e-07
-123.75;50.25;7.241464689401529e-07
-120.25;50.25;9.318330478905261e-06
-124.75;50.25;-2.223935799780828e-06
-132.25;50.25;4.723593768621348e-06
-134.75;50.75;-2.522896481478778e-06
-143.75;50.75;1.5661284307075638e-06
-130.25;50.75;-3.447185150619869e-06
-131.75;50.75;-1.3434684439857373e-06
-128.75;50.75;2.8624316999907755e-06
-141.75;50.75;3.7384526771655217e-06
-126.25;50.75;-3.0047743685647416e-06
-142.75;50.75;-3.5396801695378577e-07
-139.75;50.75;-6.835640067006285e-06
-140.75;50.75;2.6598330474683716e-06
-131.25;50.75;-2.4412189665274178e-06
-128.25;50.75;4.6316874744804066e-07
-130.75;50.75;-3.736287626303905e-06
-129.75;50.75;-7.256966303819958e-07
-127.75;50.75;-1.876813897772121e-06
-143.25;50.75;1.9650446012352686e-07
-132.25;50.75;-9.245040775036569e-07
-144.75;50.75;4.314046541480551e-06
-120.25;50.75;1.5519430587519705e-06
-129.25;50.75;2.3900900974238707e-06
-141.25;50.75;5.195450045654127e-06
-134.25;50.75;-3.1981964983008872e-06
-126.75;50.75;-1.5598121216823106e-06
-132.75;50.75;-8.242233119597229e-07
-142.25;50.75;9.66567905900206e-07
-140.25;50.75;-2.8631418537656084e-06
-121.75;50.75;-1.2616627732664248e-06
-133.25;50.75;-1.2179875193826638e-06
-127.25;50.75;-2.050115451614279e-06
-133.75;50.75;-2.333501109128868e-06
-120.75;50.75;-1.2413246259341278e-06
-121.25;50.75;-1.7151711846615128e-06
-138.25;50.75;-3.109872481761072e-07
-123.75;50.75;1.5511487215814774e-06
-124.75;50.75;-3.856307651081241e-06
-135.25;50.75;-1.0059739660863088e-06
-137.75;50.75;-2.7331844346730376e-06
-144.25;50.75;3.020423359239505e-06
-139.25;50.75;-5.95846764667865e-06
-122.25;50.75;-1.2493574094700235e-06
-122.75;50.75;-1.0083616785978745e-06
-125.75;50.75;-5.835558958966036e-06
-137.25;50.75;-6.358471894235689e-06
-125.25;50.75;-6.659805249577591e-06
-136.25;50.75;-4.035143468887686e-06
-138.75;50.75;-2.119370544812615e-06
-124.25;50.75;4.372322150885278e-08
-135.75;50.75;-1.1813989825295959e-06
-123.25;50.75;3.877402696120683e-07
-136.75;50.75;-6.9131672348168266e-06
-136.25;51.25;5.224193394878718e-06
-121.75;51.25;8.663909975656055e-06
-142.25;51.25;-2.5775783132527757e-08
-127.75;51.25;-4.193512753247776e-06
-121.25;51.25;6.8929590207396934e-06
-130.75;51.25;-8.521979926592678e-06
-135.75;51.25;4.111186832066571e-06
-140.25;51.25;-3.171810702229564e-06
-131.25;51.25;-1.0645962287642616e-05
-135.25;51.25;-2.4290913569870433e-07
-141.25;51.25;5.663399656093686e-06
-133.75;51.25;-2.1498711065250875e-06
-141.75;51.25;3.378894178564522e-06
-125.25;51.25;-3.7291230775929635e-07
-125.75;51.25;-1.3463333354508294e-07
-131.75;51.25;-1.0523855723888458e-05
-138.75;51.25;-1.787623488733471e-06
-138.25;51.25;2.6442918888796573e-06
-132.75;51.25;-3.6355533738190425e-06
-126.75;51.25;4.99565953677566e-07
-127.25;51.25;-2.714251761728975e-06
-136.75;51.25;3.7514842359501313e-06
-122.75;51.25;8.040128655756809e-07
-133.25;51.25;-1.1205845246465204e-06
-123.25;51.25;5.660339505406665e-07
-132.25;51.25;-7.795561336592996e-06
-140.75;51.25;3.1561003417928203e-06
-143.25;51.25;1.7553622731958685e-06
-128.25;51.25;-1.5192931804373585e-06
-137.25;51.25;2.9337399720049714e-06
-126.25;51.25;1.38243110227236e-06
-128.75;51.25;2.6111881258820477e-06
-139.75;51.25;-7.971472709737285e-06
-139.25;51.25;-7.0275947569049085e-06
-129.75;51.25;4.658442440942103e-07
-137.75;51.25;3.5337333872869564e-06
-134.25;51.25;-4.582559773493599e-06
-129.25;51.25;3.675050535210995e-06
-124.75;51.25;2.2842599460503905e-06
-143.75;51.25;4.837471310893969e-06
-144.25;51.25;6.043575100623064e-06
-134.75;51.25;-4.2916609580343895e-06
-123.75;51.25;3.4768556736659468e-06
-122.25;51.25;5.126493826664002e-06
-144.75;51.25;4.732500781835597e-06
-130.25;51.25;-4.500859502404913e-06
-124.25;51.25;4.668235274065112e-06
-142.75;51.25;-6.994703976740064e-07
-137.75;51.75;4.958250625762505e-06
-132.25;51.75;-1.7842138487180623e-06
-132.75;51.75;1.597335614406258e-06
-128.75;51.75;-1.6241411920959408e-06
-143.75;51.75;6.287750110208136e-06
-123.25;51.75;-3.5293352729249162e-06
-138.75;51.75;6.7486368760612155e-06
-144.25;51.75;5.4103421421708265e-06
-127.25;51.75;5.855276162045096e-07
-124.25;51.75;2.8728418781721085e-06
-141.25;51.75;-4.773294668277081e-06
-136.75;51.75;3.570818460621112e-06
-129.25;51.75;-1.3151330695664259e-06
-144.75;51.75;2.132188987522362e-06
-135.75;51.75;2.7945775077560228e-06
-130.75;51.75;-1.775844828721633e-07
-127.75;51.75;-2.6523228336627746e-06
-131.25;51.75;-7.174259539189188e-07
-130.25;51.75;-1.0619639201905334e-06
-142.75;51.75;-7.133608631788991e-07
-138.25;51.75;6.850563324181841e-06
-125.25;51.75;1.7773423617096674e-06
-141.75;51.75;-6.38149768264299e-06
-124.75;51.75;2.575953957761648e-06
-131.75;51.75;-2.2019333858621537e-06
-129.75;51.75;-1.6166201447279837e-06
-143.25;51.75;3.939302879909628e-06
-123.75;51.75;-5.0022090011833466e-08
-137.25;51.75;3.3424975102253394e-06
-136.25;51.75;4.207156982151873e-06
-128.25;51.75;-2.8493179578466694e-06
-142.25;51.75;-4.9857272865957924e-06
-134.75;51.75;-1.5301849944861367e-06
-139.75;51.75;2.0639843426103828e-06
-139.25;51.75;4.585657009791782e-06
-122.25;51.75;4.723483758222966e-06
-126.25;51.75;5.454778094173143e-06
-133.75;51.75;4.469619520366816e-06
-133.25;51.75;4.897014268701646e-06
-134.25;51.75;9.099992288596212e-07
-135.25;51.75;-2.528468697367404e-07
-140.25;51.75;6.229080719279705e-08
-140.75;51.75;-2.113838610240169e-06
-122.75;51.75;-2.143931372436344e-06
-125.75;51.75;3.3191078604305225e-06
-126.75;51.75;4.536398634669627e-06
-142.25;52.25;-2.088453610264759e-06
-123.75;52.25;-2.3842877345101785e-06
-140.25;52.25;-2.9578194841535197e-07
-130.75;52.25;7.0840726383345955e-06
-132.25;52.25;1.6645183581117457e-06
-125.25;52.25;-4.473376171990053e-06
-125.75;52.25;-2.6328081561588042e-06
-143.75;52.25;4.375569917334839e-06
-122.75;52.25;-4.079961032852572e-06
-123.25;52.25;-4.355526337054158e-06
-144.75;52.25;2.507067743497618e-06
-127.75;52.25;-7.410079438871842e-07
-126.75;52.25;1.3670574113296879e-06
-129.25;52.25;-5.405947750129077e-06
-131.75;52.25;5.854083073663399e-06
-131.25;52.25;9.126445617613231e-06
-135.25;52.25;-2.4905171813666476e-06
-128.75;52.25;-3.2252361951894797e-06
-138.25;52.25;-3.1301769491859175e-07
-126.25;52.25;3.2993775620691545e-07
-141.75;52.25;-7.649606935766854e-06
-136.25;52.25;-4.0968891701658414e-06
-124.25;52.25;-1.749956681328867e-06
-136.75;52.25;-5.274150305433674e-06
-137.75;52.25;-3.6479248167841806e-06
-140.75;52.25;-5.976493738381226e-06
-137.25;52.25;-5.433022305208966e-06
-135.75;52.25;-3.1637793127813388e-06
-139.75;52.25;4.080469379822543e-06
-143.25;52.25;5.466402634397457e-06
-134.75;52.25;-9.505123625425601e-07
-138.75;52.25;3.1920455695020785e-06
-128.25;52.25;-1.4784278831965158e-06
-132.75;52.25;7.314618890113975e-07
-141.25;52.25;-9.291344565543517e-06
-139.25;52.25;5.153521933456929e-06
-124.75;52.25;-3.424725559368486e-06
-127.25;52.25;3.402259590259085e-07
-129.75;52.25;-4.656675592663817e-06
-133.75;52.25;3.264240023789418e-06
-133.25;52.25;2.440406662038539e-06
-144.25;52.25;2.832007721716894e-06
-142.75;52.25;3.3883591350977312e-06
-130.25;52.25;6.863060487448807e-07
-134.25;52.25;1.599376325319576e-06
-135.25;52.75;1.0789092196595238e-06
-125.25;52.75;-4.471024448445619e-06
-144.75;52.75;4.264426419866831e-06
-136.75;52.75;-1.0041810420026517e-06
-137.25;52.75;-1.939233704086777e-06
-138.25;52.75;-6.499213695797468e-06
-139.75;52.75;-4.288377526026347e-06
-143.75;52.75;1.5539942675953129e-06
-130.75;52.75;9.698375938938422e-07
-142.25;52.75;6.226582714515447e-06
-128.25;52.75;9.95347976350422e-07
-130.25;52.75;-3.1461329312735963e-06
-140.25;52.75;-3.876770844308387e-06
-127.75;52.75;-9.556075268768784e-07
-129.75;52.75;-5.474084142331284e-06
-142.75;52.75;7.813276580371918e-06
-134.25;52.75;-8.75037325499056e-07
-139.25;52.75;-6.089772842336621e-06
-137.75;52.75;-4.031448661052918e-06
-124.75;52.75;-2.910253200866244e-06
-143.25;52.75;5.21929847809741e-06
-131.25;52.75;2.165385423877666e-06
-129.25;52.75;-3.504182787813546e-06
-141.25;52.75;-2.820438434436655e-06
-136.25;52.75;-4.250989460166784e-07
-138.75;52.75;-7.3986220469099915e-06
-123.75;52.75;2.2450796852226064e-06
-144.25;52.75;9.787702495331361e-07
-132.75;52.75;-6.594029313217219e-06
-125.75;52.75;-3.809972181398858e-06
-134.75;52.75;6.689628471738072e-07
-133.25;52.75;-5.505561163332574e-06
-126.75;52.75;-2.8615216402629967e-06
-128.75;52.75;3.978026491845959e-08
-127.25;52.75;-2.7693898556400366e-06
-133.75;52.75;-3.1490738854503137e-06
-140.75;52.75;-4.235127829598046e-06
-135.75;52.75;4.4563226644306214e-07
-126.25;52.75;-2.7825984264397662e-06
-132.25;52.75;-4.870210455112547e-06
-124.25;52.75;7.88009435510044e-08
-141.75;52.75;1.4518860827297915e-06
-131.75;52.75;-8.189158420906344e-07
-141.25;53.25;2.0100498134396753e-06
-130.25;53.25;-4.361036610014728e-06
-126.25;53.25;3.1750048583961104e-06
-135.25;53.25;6.792487704613024e-06
-142.75;53.25;4.935917806014375e-06
-138.75;53.25;-7.107804525383767e-06
-134.25;53.25;5.49870539889287e-07
-132.75;53.25;-2.9756267640631413e-06
-127.25;53.25;-3.7710830117490614e-06
-124.75;53.25;2.0608693118917307e-06
-134.75;53.25;4.270227908812443e-06
-126.75;53.25;-5.674383213702261e-07
-133.25;53.25;-2.4978503686566684e-06
-129.75;53.25;-2.3970887256559876e-06
-128.25;53.25;-2.2674390397834097e-07
-143.25;53.25;3.1157355190392022e-06
-140.75;53.25;-8.650007153996895e-07
-137.25;53.25;9.174730741401832e-06
-139.75;53.25;-7.08733386094946e-06
-129.25;53.25;2.9731685585055527e-07
-135.75;53.25;7.2691280270894015e-06
-139.25;53.25;-8.955250317212596e-06
-143.75;53.25;1.7937201643823085e-06
-133.75;53.25;-1.8994158876141735e-06
-144.25;53.25;2.0401870495615188e-06
-125.25;53.25;3.182633416631827e-06
-141.75;53.25;4.498058196198873e-06
-138.25;53.25;-1.1545340477357083e-06
-131.75;53.25;-5.8270560506208405e-06
-137.75;53.25;5.6328406617079295e-06
-127.75;53.25;-3.3088117094294262e-06
-128.75;53.25;1.5908434265281452e-06
-144.75;53.25;3.371829466897358e-06
-142.25;53.25;5.656159760741433e-06
-136.25;53.25;7.550755426388064e-06
-132.25;53.25;-4.4170195730591856e-06
-131.25;53.25;-6.0685257877401705e-06
-125.75;53.25;4.304159039278681e-06
-140.25;53.25;-3.911974256421369e-06
-136.75;53.25;8.863402100172398e-06
-130.75;53.25;-5.4259733173443315e-06
-141.25;53.75;-5.758015045731978e-07
-127.75;53.75;-5.168488723503159e-06
-129.75;53.75;4.543389625057456e-07
-133.25;53.75;5.042682323835847e-06
-129.25;53.75;-7.323771395397262e-07
-128.25;53.75;-4.689442808817187e-06
-137.75;53.75;4.563223171527586e-06
-143.25;53.75;2.832213578958161e-06
-135.75;53.75;3.595676204598223e-06
-135.25;53.75;5.125840474622687e-06
-144.25;53.75;6.4735290963067085e-06
-140.75;53.75;-6.159153905905923e-07
-131.75;53.75;-6.699908997399197e-07
-143.75;53.75;6.4196507498870016e-06
-133.75;53.75;1.8191458496641467e-06
-141.75;53.75;-1.3096745197098868e-06
-139.75;53.75;-1.6050502836431196e-06
-126.75;53.75;2.9094076162882294e-06
-131.25;53.75;-2.680355680053764e-06
-134.25;53.75;1.3906286100956864e-06
-125.75;53.75;6.318390903564316e-06
-132.75;53.75;6.657855931109158e-06
-144.75;53.75;2.4500966831261838e-06
-132.25;53.75;3.884570252680862e-06
-130.25;53.75;2.6223265860378615e-07
-126.25;53.75;6.570826519982373e-06
-142.75;53.75;-8.48045771272785e-07
-136.75;53.75;2.5818279625714063e-06
-138.75;53.75;-8.109755384719969e-07
-138.25;53.75;1.9714723795138673e-06
-136.25;53.75;1.8324488883281602e-06
-128.75;53.75;-2.647740976205368e-06
-142.25;53.75;-2.04595752211228e-06
-127.25;53.75;-2.2816551310244984e-06
-140.25;53.75;-1.0531500644466153e-06
-134.75;53.75;3.784083473952527e-06
-130.75;53.75;-1.462631917477327e-06
-137.25;53.75;4.567910472768997e-06
-139.25;53.75;-1.881027791928034e-06
-128.75;54.25;-6.154921027871342e-06
-129.25;54.25;-5.231151796482158e-06
-137.75;54.25;-6.389970204887011e-06
-126.25;54.25;1.5562528927848724e-06
-134.75;54.25;1.4337712856511831e-06
-143.75;54.25;8.92449362327077e-06
-136.75;54.25;-7.061691499347432e-06
-128.25;54.25;-4.8504440856414165e-06
-127.25;54.25;2.4420026614303415e-07
-141.25;54.25;-1.7216385534217825e-06
-138.75;54.25;-1.572385251152944e-06
-135.75;54.25;-3.423673165383425e-07
-132.25;54.25;1.1668348353923626e-06
-140.75;54.25;-2.1015303732588593e-06
-136.25;54.25;-4.665814492408568e-06
-139.25;54.25;7.026651509144446e-07
-133.75;54.25;-2.299328144293282e-06
-131.75;54.25;-4.887592581755701e-07
-141.75;54.25;-1.7836619938283337e-06
-139.75;54.25;5.058847029641203e-07
-131.25;54.25;4.881189496160712e-07
-132.75;54.25;2.290447749233248e-06
-127.75;54.25;-2.5718970542263056e-06
-142.25;54.25;-2.2512270114051795e-06
-130.75;54.25;2.682438811755804e-06
-140.25;54.25;-1.2414626706740112e-06
-126.75;54.25;2.3379751406139955e-06
-135.25;54.25;2.5891219991361425e-06
-144.25;54.25;8.291794487090678e-06
-134.25;54.25;-1.7020117729213227e-06
-130.25;54.25;2.186113266006501e-06
-142.75;54.25;-4.897492594050822e-07
-137.25;54.25;-7.247954806224104e-06
-129.75;54.25;-1.5776156065755132e-06
-143.25;54.25;4.459266172308972e-06
-144.75;54.25;2.787097331355991e-06
-138.25;54.25;-4.514561932662677e-06
-133.25;54.25;3.2769930308540005e-07
-127.75;54.75;2.011409195023002e-06
-128.25;54.75;8.37168231298512e-07
-144.75;54.75;9.340545016047219e-07
-127.25;54.75;1.6831430606207394e-06
-134.25;54.75;-1.7649132533608557e-06
-138.25;54.75;-7.242270131777315e-06
-139.25;54.75;-1.9577555865849535e-06
-135.25;54.75;6.017229929372558e-06
-142.25;54.75;4.325365524998876e-06
-130.75;54.75;2.536143320572951e-07
-138.75;54.75;-4.601926950468859e-06
-132.25;54.75;-8.885390950066163e-06
-131.75;54.75;-7.213131858377243e-06
-133.25;54.75;-7.520822598610012e-06
-137.75;54.75;-6.39862343822927e-06
-131.25;54.75;-2.894038340677057e-06
-143.25;54.75;2.54455782525508e-06
-142.75;54.75;2.530825902146077e-06
-137.25;54.75;-2.680479750649616e-06
-136.75;54.75;9.898051162487507e-07
-135.75;54.75;5.545848628057418e-06
-130.25;54.75;-1.3103937800554172e-06
-136.25;54.75;3.5616108370467314e-06
-141.75;54.75;5.143899201369227e-06
-128.75;54.75;-2.946776538007178e-06
-140.75;54.75;-1.8804816672914716e-06
-133.75;54.75;-5.8303837610588366e-06
-129.25;54.75;-6.313941557832604e-06
-143.75;54.75;3.3726031800086395e-06
-139.75;54.75;-2.25114516713567e-06
-141.25;54.75;2.395877796794103e-06
-132.75;54.75;-8.339790088767527e-06
-140.25;54.75;-3.5163326853261945e-06
-129.75;54.75;-5.325642673185657e-06
-134.75;54.75;3.269727565666143e-06
-144.25;54.75;2.6537981317144685e-06
-134.25;55.25;2.1100679247763976e-06
-135.75;55.25;5.950883114316079e-06
-143.25;55.25;-1.9728621846509235e-06
-134.75;55.25;4.075029153679944e-06
-133.75;55.25;-3.7241172316830723e-07
-136.25;55.25;8.49801341491914e-06
-135.25;55.25;4.867428684397422e-06
-128.75;55.25;1.8714948121825108e-06
-142.75;55.25;3.069460133701698e-07
-137.75;55.25;1.61845484667171e-06
-138.25;55.25;-2.4231297409649044e-06
-138.75;55.25;-2.2506679697747968e-06
-142.25;55.25;3.842628147228811e-06
-139.25;55.25;-9.393137854913006e-07
-139.75;55.25;-1.6242731468897383e-06
-141.75;55.25;5.891312829466357e-06
-144.75;55.25;-8.121272123049457e-07
-140.25;55.25;-2.5653800512710202e-06
-141.25;55.25;3.875754512307683e-06
-140.75;55.25;-4.0845222714622776e-07
-144.25;55.25;-2.6745941375635213e-06
-137.25;55.25;7.492555445955835e-06
-133.25;55.25;-2.5210706704098424e-06
-136.75;55.25;1.0143974458651507e-05
-130.25;55.25;-2.991887759406161e-06
-130.75;55.25;-1.0950453824110892e-06
-129.75;55.25;-5.22372923997325e-06
-128.25;55.25;3.6418715272681223e-06
-132.25;55.25;-6.462441243001487e-06
-131.25;55.25;-2.834329596444998e-06
-132.75;55.25;-4.702638882192975e-06
-143.75;55.25;-2.8421986923646426e-06
-131.75;55.25;-5.833307276783627e-06
-129.25;55.25;-3.1151383285762066e-06
-129.75;55.75;-2.650504407006214e-06
-144.25;55.75;3.989527635730222e-07
-137.25;55.75;2.267309640170455e-06
-135.25;55.75;-2.8022012010450656e-06
-139.75;55.75;1.939173419888602e-06
-142.25;55.75;-4.088372159990005e-06
-144.75;55.75;2.0771266042621727e-06
-131.75;55.75;1.1226012535813853e-06
-143.75;55.75;6.278776044114971e-08
-130.25;55.75;-8.645652233721364e-07
-136.75;55.75;1.6303967120724427e-06
-135.75;55.75;-4.362478801085472e-06
-132.25;55.75;2.9168536257110297e-06
-143.25;55.75;-1.2554583957385107e-06
-141.75;55.75;-2.0055852747917662e-06
-130.75;55.75;1.0007625723313512e-06
-140.25;55.75;6.91346246274016e-07
-134.75;55.75;3.04177689743401e-07
-132.75;55.75;4.612141036581513e-06
-140.75;55.75;3.811571595894065e-07
-133.25;55.75;4.418863013128081e-06
-138.75;55.75;7.348869943110164e-08
-139.25;55.75;2.145060110942076e-06
-133.75;55.75;3.249802549591309e-06
-131.25;55.75;9.943478440229644e-07
-129.25;55.75;-1.1459854219466236e-06
-138.25;55.75;-1.6326401786798345e-06
-136.25;55.75;-2.0641409535588216e-06
-142.75;55.75;-3.5855294844123797e-06
-134.25;55.75;2.206834958862933e-06
-137.75;55.75;-2.2604305896612843e-07
-141.25;55.75;1.2788952166563216e-08
-139.75;56.25;1.1184547389291216e-06
-144.25;56.25;3.873957504340459e-06
-141.75;56.25;-5.57548224739905e-06
-144.75;56.25;3.6537625932899692e-06
-138.75;56.25;-1.3177986193741007e-06
-130.25;56.25;4.203280294039706e-07
-142.25;56.25;-6.8872486895907655e-06
-139.25;56.25;9.781559092979718e-07
-131.25;56.25;-8.14754505742643e-07
-137.75;56.25;-6.128579808510924e-06
-137.25;56.25;-5.789523546587566e-06
-131.75;56.25;-3.3188401721377967e-07
-138.25;56.25;-4.633307410071632e-06
-143.75;56.25;5.9791297849423535e-06
-130.75;56.25;5.301924018041869e-07
-142.75;56.25;-2.204156964212825e-06
-136.75;56.25;-5.8428412968040325e-06
-143.25;56.25;4.185695958240051e-06
-133.25;56.25;-8.530779358970874e-07
-140.75;56.25;8.17643739237426e-07
-134.75;56.25;1.238268921026684e-06
-135.75;56.25;-4.2406524831427865e-06
-141.25;56.25;-1.3910022198975422e-06
-133.75;56.25;-2.390506921659598e-06
-132.25;56.25;1.766770000778979e-06
-135.25;56.25;-4.877528014233048e-07
-129.75;56.25;-1.7730156914917673e-06
-136.25;56.25;-6.139850059308514e-06
-132.75;56.25;1.8261956042116908e-06
-134.25;56.25;-6.043136440357266e-07
-140.25;56.25;9.098896827828803e-07
-134.25;56.75;3.6791024617442834e-07
-130.75;56.75;-1.6666828605352822e-06
-133.25;56.75;-6.226560241006487e-06
-142.75;56.75;1.1639826376412738e-06
-134.75;56.75;7.625373692560353e-06
-136.25;56.75;4.637877009303176e-06
-140.75;56.75;1.0158823741838086e-06
-133.75;56.75;-5.94696189664911e-06
-139.25;56.75;-1.96206485350198e-06
-144.25;56.75;-6.348091573235112e-07
-142.25;56.75;-2.3354827418593737e-06
-141.25;56.75;2.368598016519243e-06
-138.75;56.75;-1.1545816254757624e-06
-131.25;56.75;-5.174032642193113e-06
-143.75;56.75;4.615928567006681e-06
-144.75;56.75;-1.775497435588106e-06
-138.25;56.75;-2.183416659539876e-06
-131.75;56.75;-5.086402919002108e-06
-137.75;56.75;-2.2227576368368577e-06
-141.75;56.75;-4.907675427446919e-07
-136.75;56.75;2.4728277315657542e-06
-132.75;56.75;-3.154758991270586e-06
-139.75;56.75;-3.7312928044417437e-06
-140.25;56.75;-2.6884906697677347e-06
-135.25;56.75;9.878539487806068e-06
-137.25;56.75;-6.730733015919229e-08
-132.25;56.75;-2.7202867975589637e-06
-143.25;56.75;5.760707059947072e-06
-135.75;56.75;7.536034739386452e-06
-141.25;57.25;4.06143945168283e-06
-138.75;57.25;1.1012611683362519e-06
-143.25;57.25;2.947802063979609e-06
-136.25;57.25;6.711992402608423e-06
-141.75;57.25;3.2100409679110456e-06
-139.25;57.25;-1.5329120650662939e-06
-132.25;57.25;2.2344757682677566e-06
-133.25;57.25;8.229211805529039e-08
-133.75;57.25;-6.946108090535191e-07
-144.75;57.25;-5.0538054769394914e-06
-136.75;57.25;7.784523722830627e-06
-140.25;57.25;-5.892671813723407e-06
-135.75;57.25;5.690466284365282e-06
-138.25;57.25;1.188761599439885e-06
-143.75;57.25;1.4486352440997567e-06
-135.25;57.25;6.561495591628932e-06
-134.75;57.25;6.362291997644933e-06
-137.75;57.25;2.467126494284382e-06
-139.75;57.25;-5.7404458059936376e-06
-144.25;57.25;-3.511823958463813e-06
-140.75;57.25;-6.002170252521345e-07
-131.75;57.25;-2.118125495865796e-06
-137.25;57.25;5.850344362613755e-06
-142.75;57.25;6.251443767815144e-07
-142.25;57.25;2.0965123126906692e-07
-132.75;57.25;2.9417544432039956e-06
-134.25;57.25;2.804718109728292e-06
-141.75;57.75;1.1283496348685109e-06
-140.75;57.75;-3.519181726697331e-06
-140.25;57.75;-5.973483155895685e-06
-141.25;57.75;6.967555196780764e-07
-142.25;57.75;-1.2568717296993056e-06
-139.25;57.75;8.108116951768638e-07
-139.75;57.75;-3.1237856063864077e-06
-144.75;57.75;7.913789540153957e-07
-135.75;57.75;-7.3845971172762175e-06
-137.25;57.75;1.0590997176629558e-06
-134.25;57.75;2.2703053173354973e-06
-136.25;57.75;-2.994825263817473e-06
-138.75;57.75;3.7109406236953897e-07
-132.75;57.75;6.919074934106347e-06
-136.75;57.75;1.6616042661610825e-06
-137.75;57.75;-2.4064930135762777e-06
-143.75;57.75;5.048596243253272e-06
-143.25;57.75;2.5427212689520903e-06
-138.25;57.75;-2.6339118059307908e-06
-142.75;57.75;-1.1143345628985966e-06
-134.75;57.75;-1.0547172134550891e-06
-133.75;57.75;3.2374969354550857e-06
-144.25;57.75;3.5411515192506697e-06
-133.25;57.75;4.837645788141503e-06
-135.25;57.75;-6.055116892331806e-06
-134.75;58.25;3.1204128642284884e-07
-140.25;58.25;-4.478749766417376e-06
-136.25;58.25;-1.3139860192183658e-06
-136.75;58.25;1.7835779790394648e-06
-135.25;58.25;-3.724331724236166e-06
-140.75;58.25;-4.806552393138629e-06
-135.75;58.25;-4.881477995551506e-06
-138.75;58.25;-2.313427673341402e-06
-143.75;58.25;8.355122013380563e-06
-144.25;58.25;8.782560752123714e-06
-141.25;58.25;-1.8406995216790882e-06
-141.75;58.25;2.777254548449396e-07
-137.25;58.25;-6.108861497709529e-07
-144.75;58.25;4.9245291007980415e-06
-139.75;58.25;-7.635171911518408e-07
-134.25;58.25;1.8647231380082946e-06
-139.25;58.25;1.0402010885180387e-06
-133.25;58.25;-2.1059931502940362e-06
-143.25;58.25;4.378359037730664e-06
-142.25;58.25;1.793466085362027e-07
-137.75;58.25;-5.687448004732759e-06
-138.25;58.25;-6.58970193854759e-06
-142.75;58.25;8.470056402477337e-07
-133.75;58.25;-1.3860901584382753e-07
-143.75;58.75;3.3343987051020963e-06
-144.25;58.75;2.8554827740055582e-06
-140.75;58.75;-3.851598625809351e-06
-134.75;58.75;6.307790993117564e-06
-134.25;58.75;2.251372112563883e-06
-135.25;58.75;7.424407915931643e-06
-140.25;58.75;-3.804131318507401e-06
-141.75;58.75;2.886102609297939e-06
-139.25;58.75;-1.4196693536797273e-06
-138.75;58.75;-2.5071234215605095e-06
-142.75;58.75;4.538141217614273e-06
-138.25;58.75;-2.6237747835601097e-06
-142.25;58.75;4.913354309424623e-06
-137.75;58.75;4.799291997711999e-07
-137.25;58.75;5.192935641360628e-06
-139.75;58.75;-2.045644266025419e-06
-141.25;58.75;-9.670268873940525e-07
-144.75;58.75;1.3738491599213204e-07
-136.75;58.75;7.976370788115895e-06
-136.25;58.75;7.955695215902756e-06
-135.75;58.75;7.3639706604293746e-06
-143.25;58.75;3.542753583722637e-06
-143.25;59.25;1.6982463475572683e-06
-141.75;59.25;2.078266877057188e-06
-142.25;59.25;5.4730022006699636e-06
-142.75;59.25;5.491765051349482e-06
-143.75;59.25;-2.1182987347448375e-06
-141.25;59.25;-1.1387132113002928e-06
-144.25;59.25;-2.95733858605923e-06
-138.25;59.25;3.100297667038492e-06
-138.75;59.25;-1.20395974307942e-06
-137.75;59.25;5.345475363939745e-06
-139.75;59.25;-4.3528656326695475e-06
-137.25;59.25;4.35296383590337e-06
-136.75;59.25;2.5056256051252997e-06
-136.25;59.25;2.6070935490748343e-06
-144.75;59.25;-2.4041137681581702e-06
-135.75;59.25;4.235668039384897e-06
-140.25;59.25;-3.229185136221917e-06
-139.25;59.25;-4.200683643640176e-06
-140.75;59.25;-2.4584431653485967e-06
-135.25;59.25;4.414375010577209e-06
-144.25;59.75;-3.558203183886858e-10
-139.75;59.75;-3.7365218176062752e-06
-142.25;59.75;4.6034784344622953e-07
-142.75;59.75;3.769543334114365e-06
-138.75;59.75;-1.0530745449786694e-06
-141.25;59.75;-3.462005849129093e-06
-138.25;59.75;3.5590698000446713e-06
-137.75;59.75;3.1801733970951993e-06
-143.25;59.75;2.729622686327295e-06
-143.75;59.75;-8.865606968765573e-08
-139.25;59.75;-4.8094813565910875e-06
-140.75;59.75;-8.93626815915063e-07
-136.25;59.75;-6.702884225810788e-06
-136.75;59.75;-6.772821016688665e-06
-141.75;59.75;-3.4786754489406395e-06
-140.25;59.75;-7.804442440494599e-07
-144.75;59.75;2.722406938706995e-06
-137.25;59.75;-2.1617675300110368e-06
-137.25;60.25;-1.0988339739475784e-06
-144.25;60.25;2.255606302894263e-06
-138.75;60.25;-1.0115972462383635e-06
-144.75;60.25;3.660486531283892e-06
-136.75;60.25;-1.2796422302466465e-06
-143.75;60.25;2.841560747561163e-06
-142.75;60.25;2.026176677072931e-06
-143.25;60.25;3.963782906060877e-06
-138.25;60.25;1.393036239645909e-06
-137.75;60.25;9.417205491953485e-07
-141.25;60.25;-3.459731969223036e-06
-141.75;60.25;-5.7930238290019975e-06
-140.75;60.25;8.385828588187518e-07
-140.25;60.25;1.5912937780636187e-06
-142.25;60.25;-2.864856061424526e-06
-139.75;60.25;-1.2941221077226524e-06
-139.25;60.25;-2.948801491859529e-06
-138.75;60.75;3.053821725602389e-07
-144.75;60.75;-2.6096971422269855e-06
-141.75;60.75;-1.692705319678614e-06
-138.25;60.75;-1.301301171093709e-07
-143.25;60.75;1.8764646843166103e-06
-144.25;60.75;-1.112152462376979e-06
-143.75;60.75;1.021805835022525e-06
-140.25;60.75;-1.6157307077120148e-07
-140.75;60.75;4.041218740211421e-07
-137.75;60.75;-1.0287521084530746e-07
-139.75;60.75;-9.719651868679319e-07
-142.75;60.75;7.617776882646195e-07
-139.25;60.75;-4.6243738135809015e-07
-141.25;60.75;-5.66473612837439e-07
-142.25;60.75;-1.1059609921591717e-06
-140.25;61.25;-4.26472344490186e-06
-143.25;61.25;-1.1106476355268891e-06
-141.75;61.25;2.04828925358134e-06
-143.75;61.25;2.2901173021434964e-07
-139.75;61.25;-2.3712915906813705e-06
-140.75;61.25;-2.49429881204815e-06
-144.75;61.25;-3.0911954855194186e-06
-144.25;61.25;-3.2819348829857046e-07
-138.75;61.25;2.025775338519207e-06
-142.25;61.25;7.738468371527114e-07
-139.25;61.25;1.3098039105697696e-06
-142.75;61.25;-1.1357934935827519e-06
-141.25;61.25;6.546169000704383e-07
-143.75;61.75;3.1045772496955185e-06
-144.25;61.75;6.323021890479949e-06
-141.25;61.75;-9.322364865389219e-07
-144.75;61.75;3.789729185972467e-06
-141.75;61.75;7.572741966442281e-07
-140.75;61.75;-3.327313170656193e-06
-142.75;61.75;-2.7496591088804717e-06
-142.25;61.75;-3.2409663088087684e-07
-139.75;61.75;-1.9060343334839764e-06
-143.25;61.75;-1.8895978839529628e-06
-140.25;61.75;-4.054186191983755e-06
-142.75;62.25;-1.1367459911630944e-06
-144.25;62.25;7.674357226805338e-06
-143.75;62.25;3.242508520181406e-06
-143.25;62.25;-1.2452820357201386e-06
-142.25;62.25;-4.6333651927781663e-07
-140.75;62.25;2.3190151742968597e-08
-144.75;62.25;5.2097312422375494e-06
-140.25;62.25;1.3623698894212414e-06
-141.25;62.25;-2.513088739019096e-06
-141.75;62.25;-2.120443146159513e-06
-142.25;62.75;2.8401382127347116e-06
-144.75;62.75;1.1030385497209233e-06
-142.75;62.75;3.7519973855310477e-06
-141.25;62.75;-4.016048425667199e-06
-143.25;62.75;-6.63427289625483e-07
-141.75;62.75;-3.4263095977472018e-06
-143.75;62.75;-9.424613339066883e-07
-144.25;62.75;2.700370389550105e-06
-143.25;63.25;-9.040238584496952e-07
-142.75;63.25;7.092080529787816e-06
-142.25;63.25;5.557340774250625e-06
-144.75;63.25;3.0618266882919594e-06
-143.75;63.25;-3.612760240557883e-06
-144.25;63.25;1.932497616952339e-06
-143.75;63.75;-3.41845604024737e-06
-144.75;63.75;8.988892567226917e-06
-143.25;63.75;-2.7291690703442574e-06
-144.25;63.75;5.9502342366480805e-06
-144.25;64.25;5.977380494352417e-06
-143.75;64.25;-3.663281961013176e-06
-144.75;64.25;7.867487596961413e-06
-144.75;64.75;2.132806520273978e-06
