-144.75;45.25;18637090.1369008
-125.75;45.25;17900164.98712642
-110.25;45.25;12207833.760768566
-125.25;45.25;20444876.430054672
-142.25;45.25;11697378.755355356
-124.75;45.25;23212253.84157021
-124.25;45.25;26158788.129572634
-123.75;45.25;29226659.260267206
-123.25;45.25;32345985.12294906
-122.75;45.25;35437743.07131568
-122.25;45.25;38417189.76779136
-142.75;45.25;13373000.021939512
-121.75;45.25;41197589.95259165
-126.25;45.25;15605888.16222357
-121.25;45.25;43694061.528201304
-120.25;45.25;47527370.04587178
-119.75;45.25;48736338.06770883
-119.25;45.25;49411412.716283605
-143.25;45.25;14913359.818516172
-118.75;45.25;49526699.98656867
-118.25;45.25;49074574.77484276
-117.75;45.25;48066262.25256116
-117.25;45.25;46531657.717715345
-116.75;45.25;44518387.50643488
-116.25;45.25;42090138.874042705
-143.75;45.25;16306332.729912238
-115.75;45.25;39324312.723775715
-120.75;45.25;45827351.23227294
-126.75;45.25;13573570.436057562
-127.25;45.25;11798968.975806512
-141.75;45.25;9907616.716768442
-139.75;45.25;2351519.238015929
-138.75;45.25;-960813.905815288
-138.25;45.25;-2314144.730730699
-137.75;45.25;-3407380.0719099315
-137.25;45.25;-4210416.150048125
-136.75;45.25;-4706810.272764982
-136.25;45.25;-4894940.74134813
-140.25;45.25;4205758.197488603
-135.75;45.25;-4787983.64400096
-135.25;45.25;-4412686.9395899
-134.75;45.25;-3807034.280170486
-134.25;45.25;-3016993.6710332744
-133.75;45.25;-2092629.340370999
-133.25;45.25;-1083911.3653478466
-140.75;45.25;6117876.890128597
-132.75;45.25;-36581.94583079547
-132.25;45.25;1011571.6465130717
-131.75;45.25;2033727.533086243
-131.25;45.25;3016079.660051654
-130.75;45.25;3958770.370947343
-141.25;45.25;8034452.040379384
-130.25;45.25;4875643.46794882
-129.75;45.25;5792853.761722215
-129.25;45.25;6746459.619386954
-128.75;45.25;7779201.014757659
-128.25;45.25;8936721.540712832
-127.75;45.25;10263525.443142157
-115.25;45.25;36309079.90109895
-114.75;45.25;33139949.244753137
-139.25;45.25;611060.7440778115
-111.75;45.25;16194782.444034506
-112.75;45.25;20875608.247476067
-112.25;45.25;18355985.14057604
-110.75;45.25;13103825.729153996
-111.25;45.25;14435462.89027503
-113.75;45.25;26735819.282252274
-144.25;45.25;17547311.658083685
-114.25;45.25;29915982.828474335
-113.25;45.25;23693687.549048577
-142.25;45.75;11796500.466401314
-135.75;45.75;-4826404.007831758
-110.75;45.75;13675858.91497321
-113.75;45.75;27167504.14949716
-122.25;45.75;38898218.355133116
-139.25;45.75;456601.0503683272
-130.25;45.75;5326629.294491006
-140.75;45.75;6014194.947926614
-118.25;45.75;49109010.53790586
-111.25;45.75;15015548.715915373
-140.25;45.75;4070695.3623752138
-125.25;45.75;21304627.773337565
-118.75;45.75;49573483.41036197
-144.25;45.75;18147359.18641715
-111.75;45.75;16770149.051095737
-141.25;45.75;7979580.245118434
-133.75;45.75;-2036409.964081835
-123.75;45.75;29941080.7904239
-131.25;45.75;3321249.5209827973
-120.25;45.75;47700638.041976884
-113.25;45.75;24177517.949039362
-130.75;45.75;4334781.125799822
-134.25;45.75;-2989656.315712408
-143.25;45.75;15237660.446931547
-123.25;45.75;32988793.9123839
-119.75;45.75;48853710.428693816
-134.75;45.75;-3804073.567851893
-121.25;45.75;44010022.503076605
-141.75;45.75;9920259.144253727
-135.25;45.75;-4431161.422868919
-119.25;45.75;49486123.68161526
-124.75;45.75;24037309.989832077
-124.25;45.75;26934765.964778114
-136.25;45.75;-4952944.152137452
-112.75;45.75;21402009.382781085
-129.75;45.75;6320573.574220911
-142.75;45.75;13576690.201241497
-126.75;45.75;14441440.573152943
-128.25;45.75;9676996.40483615
-115.75;45.75;39510981.084065005
-132.75;45.75;96435.49120620402
-138.75;45.75;-1108870.7736075788
-117.75;45.75;48104073.93842952
-112.25;45.75;18913324.742340915
-115.25;45.75;36555805.84353822
-127.25;45.75;12637748.72568959
-139.75;45.75;2200414.4799208185
-127.75;45.75;11059110.507728051
-132.25;45.75;1194321.2315649756
-114.75;45.75;33449817.653926536
-144.75;45.75;19383295.415479623
-143.75;45.75;16764126.472553797
-114.25;45.75;30288634.55338826
-138.25;45.75;-2448959.2842207253
-133.25;45.75;-992847.6776250086
-136.75;45.75;-4784647.669221063
-117.25;45.75;46587990.69454604
-125.75;45.75;18778926.23311697
-121.75;45.75;41594848.82367883
-110.25;45.75;12760496.666110862
-122.75;45.75;36001714.17492096
-129.25;45.75;7349932.239805609
-137.25;45.75;-4308299.687050263
-116.75;45.75;44607099.75320357
-131.75;45.75;2274058.273084439
-137.75;45.75;-3524754.7237536316
-126.25;45.75;16487336.243789364
-116.25;45.75;42223139.09111646
-128.75;45.75;8454509.1369563
-120.75;45.75;46067669.943684496
-132.25;46.25;1148780.0125278146
-122.75;46.25;36392042.753839046
-131.75;46.25;2286598.6605611257
-123.25;46.25;33466980.508544132
-114.75;46.25;33491992.70051919
-123.75;46.25;30498372.421772406
-127.75;46.25;11683075.919692827
-127.25;46.25;13313178.122952553
-128.25;46.25;10236564.461441197
-112.25;46.25;19211464.0851134
-126.75;46.25;15152940.735602826
-128.75;46.25;8939712.45007965
-110.25;46.25;13057772.380238019
-126.25;46.25;17217700.215450324
-129.25;46.25;7754102.301810103
-131.25;46.25;3401016.546529468
-112.75;46.25;21667624.59800983
-129.75;46.25;6640476.885092291
-125.25;46.25;22017631.233825386
-130.25;46.25;5562395.598453068
-124.75;46.25;24714375.369248092
-141.25;46.25;7811472.49861655
-130.75;46.25;4489627.075593552
-124.25;46.25;27559242.10445868
-111.75;46.25;17087676.55519613
-113.25;46.25;24398815.993799042
-125.75;46.25;19509879.52341864
-142.25;46.25;11790404.699227853
-140.75;46.25;5791977.275513266
-110.75;46.25;13991968.236152265
-143.25;46.25;15460321.39765116
-113.75;46.25;27334840.22142477
-135.75;46.25;-5056949.745534812
-118.75;46.25;49367535.966764666
-136.25;46.25;-5195089.60649862
-122.25;46.25;39195451.05602098
-118.25;46.25;48884760.17086606
-140.25;46.25;3811145.303996927
-117.75;46.25;47878611.14196278
-136.75;46.25;-5038571.455677456
-117.25;46.25;46377783.20980562
-119.25;46.25;49315405.171774365
-137.25;46.25;-4574260.723587926
-137.75;46.25;-3802326.644205834
-114.25;46.25;30395169.191815652
-138.25;46.25;-2736274.7890014946
-143.75;46.25;17120144.75100066
-116.25;46.25;42086595.68318649
-138.75;46.25;-1401958.2715866996
-115.75;46.25;39428057.93241968
-144.75;46.25;20023610.36985769
-115.25;46.25;36533619.847654134
-139.75;46.25;1918354.9463874302
-139.25;46.25;164311.8568600386
-116.75;46.25;44427228.84051168
-135.25;46.25;-4649510.173112605
-141.75;46.25;9824158.754247626
-120.25;46.25;47646665.03543095
-133.25;46.25;-1125748.6679713102
-121.75;46.25;41797453.09936258
-111.25;46.25;15338893.321248574
-144.25;46.25;18644188.07609411
-142.75;46.25;13677570.38978482
-120.75;46.25;46091216.860125765
-133.75;46.25;-2199686.4730197014
-121.25;46.25;44120198.606575675
-134.75;46.25;-4008296.5611640536
-119.75;46.25;48734206.910613544
-132.75;46.25;2486.2694596067495
-134.25;46.25;-3176131.382443493
-131.75;46.75;2045213.4105906736
-128.75;46.75;9200010.128367634
-140.75;46.75;5435803.752334401
-141.25;46.75;7514698.445050396
-128.25;46.75;10578802.548046887
-138.75;46.75;-1858151.750715184
-133.25;46.75;-1507197.9011938511
-139.25;46.75;-282926.73895871645
-132.25;46.75;849519.0323280445
-139.75;46.75;1489026.1246633388
-141.75;46.75;9603535.479742622
-144.75;46.75;20534489.943063594
-112.25;46.75;19217409.22677731
-111.75;46.75;17115125.59553938
-129.25;46.75;7925986.664989101
-135.75;46.75;-5502862.9315436855
-130.75;46.75;4395060.566598386
-134.75;46.75;-4443641.787277145
-136.25;46.75;-5644062.542582289
-130.25;46.75;5553293.20217906
-131.25;46.75;3228308.5303053274
-134.25;46.75;-3600570.5256151585
-138.25;46.75;-3195197.615032634
-140.25;46.75;3411379.4318036227
-110.75;46.75;14022174.752380878
-136.75;46.75;-5490553.038168381
-129.75;46.75;6721319.285833216
-137.25;46.75;-5029411.345917387
-133.75;46.75;-2606804.832549885
-137.75;46.75;-4260235.98523685
-135.25;46.75;-5091383.455202918
-111.25;46.75;15374267.13081449
-132.75;46.75;-343355.76549993147
-127.25;46.75;13785289.35278173
-142.25;46.75;11662623.747943595
-125.25;46.75;22540282.445696652
-117.75;46.75;47358297.06815275
-121.75;46.75;41767241.01136587
-124.75;46.75;25199797.547704253
-118.75;46.75;48876794.6938475
-119.25;46.75;48866622.77977543
-143.25;46.75;15562600.277833512
-113.25;46.75;24323832.677218284
-124.25;46.75;27988864.853289306
-125.75;46.75;20049829.710319586
-113.75;46.75;27204040.411251247
-119.75;46.75;48344404.42223059
-123.25;46.75;33738703.07151567
-120.25;46.75;47331041.167712584
-122.75;46.75;36567991.06623948
-120.75;46.75;45862430.62029048
-127.75;46.75;12097050.296012443
-121.25;46.75;43987758.67003009
-122.25;46.75;39269400.45062405
-142.75;46.75;13658170.947939185
-123.75;46.75;30855801.432827145
-117.25;46.75;45869404.20908371
-118.25;46.75;48370110.193793334
-144.25;46.75;19015945.948169127
-115.75;46.75;39042973.95847754
-116.25;46.75;41648336.38653296
-143.75;46.75;17354160.94187409
-126.75;46.75;15666729.644663062
-112.75;46.75;21638961.006331146
-115.25;46.75;36209539.59614267
-126.25;46.75;17754548.154434793
-110.25;46.75;13071145.218720064
-114.25;46.75;30201944.571937278
-116.75;46.75;43946931.32848367
-114.75;46.75;33233116.8689464
-140.75;47.25;4937636.760421364
-134.75;47.25;-5123369.456447084
-111.25;47.25;15102970.95906501
-121.75;47.25;41473595.25055875
-114.75;47.25;32651528.583053086
-120.25;47.25;46727724.013879254
-115.75;47.25;38334361.75331698
-120.75;47.25;45353818.520083845
-144.25;47.25;19247386.4960947
-113.75;47.25;26753410.92406897
-139.75;47.25;904164.9281503969
-133.75;47.25;-3271436.9047008464
-115.25;47.25;35562042.58191756
-134.25;47.25;-4276424.632357437
-139.25;47.25;-893816.5728135151
-117.25;47.25;45041544.01039371
-116.25;47.25;40887113.481586196
-137.25;47.25;-5685059.948747686
-110.75;47.25;13749004.63182489
-114.25;47.25;29687226.44734143
-117.75;47.25;46521556.10185304
-136.75;47.25;-6152488.265262006
-116.75;47.25;43144993.93267494
-140.25;47.25;2863371.200075306
-118.25;47.25;47543020.1397479
-135.25;47.25;-5769826.753175845
-144.75;47.25;20899095.203653954
-138.25;47.25;-3835683.0924318894
-136.25;47.25;-6312246.292018456
-119.25;47.25;48116151.19419611
-143.75;47.25;17452497.119368784
-135.75;47.25;-6176906.411149773
-143.25;47.25;15532297.134894615
-137.75;47.25;-4909130.161621604
-119.75;47.25;47659562.696867496
-118.75;47.25;48078537.45244216
-138.75;47.25;-2486737.6869805935
-141.75;47.25;9249485.153212093
-133.25;47.25;-2151177.8999612
-124.25;47.25;28187186.896115743
-130.75;47.25;4032499.7012936957
-141.25;47.25;7080931.786612414
-124.75;47.25;25456843.48565147
-113.25;47.25;23931068.4233779
-142.25;47.25;11403394.435992895
-125.25;47.25;22835961.30668102
-130.25;47.25;5279068.054744502
-125.75;47.25;20362678.76767671
-131.25;47.25;2785968.28228418
-129.75;47.25;6540965.289210084
-126.25;47.25;18062702.798592698
-129.25;47.25;7841415.71737865
-126.75;47.25;15948918.270767702
-128.75;47.25;9209117.233842157
-112.75;47.25;21294899.377013996
-127.25;47.25;14021798.71358223
-128.25;47.25;10675310.871667985
-110.25;47.25;12784540.17991686
-127.75;47.25;12270605.834633375
-112.25;47.25;18910629.57592134
-123.75;47.25;30977574.735304795
-121.25;47.25;43583663.90731512
-132.25;47.25;281438.3872199533
-132.75;47.25;-955531.9481094562
-142.75;47.25;13507615.57850972
-123.25;47.25;33769143.90042096
-131.75;47.25;1533904.925308205
-111.75;47.25;16832772.99322098
-122.25;47.25;39087909.60411058
-122.75;47.25;36495976.94762429
-115.75;47.75;37292447.14604066
-110.75;47.75;13168039.026461815
-137.75;47.75;-5750398.446509111
-121.25;47.75;42887154.775150016
-126.25;47.75;18114779.660016056
-122.75;47.75;36150180.30728119
-133.75;47.75;-4196708.331096617
-129.25;47.75;7485164.80216805
-138.25;47.75;-4658790.903850673
-126.75;47.75;15973549.58352492
-116.75;47.75;42011168.46348307
-111.75;47.75;16233996.075655777
-132.75;47.75;-1838114.2922580524
-128.25;47.75;10506183.14833217
-138.75;47.75;-3288487.7305779867
-110.25;47.75;12194838.705206323
-117.25;47.75;43883531.37971523
-133.25;47.75;-3061192.9643163886
-116.25;47.75;39792964.06077124
-127.25;47.75;13998520.30120603
-112.75;47.75;20627269.034128923
-115.25;47.75;34581492.204620376
-139.25;47.75;-1668930.489344628
-121.75;47.75;40893973.4042251
-114.75;47.75;31737724.487344224
-128.75;47.75;8949463.474819662
-123.75;47.75;30835488.909692407
-131.75;47.75;746727.157959447
-111.25;47.75;14519408.798778968
-135.25;47.75;-6687428.040024054
-120.25;47.75;45819441.219096296
-124.25;47.75;28125319.59921294
-119.75;47.75;46663991.35783375
-131.25;47.75;2066693.037693008
-135.75;47.75;-7081522.941071243
-134.75;47.75;-6050200.128001785
-124.75;47.75;25456344.743924517
-130.75;47.75;3393002.170193608
-119.25;47.75;47049712.82527516
-136.25;47.75;-7201896.511946351
-123.25;47.75;33531142.948341686
-129.75;47.75;6086458.798807013
-113.75;47.75;25973880.731462836
-125.25;47.75;22875654.37473875
-122.25;47.75;38626723.32443316
-118.25;47.75;46391431.02154322
-132.25;47.75;-560336.6801253745
-114.25;47.75;28841686.020448595
-134.25;47.75;-5206576.437034296
-136.75;47.75;-7026390.178630109
-120.75;47.75;44546399.87732578
-130.25;47.75;4728878.835121037
-117.75;47.75;45357121.78925642
-112.25;47.75;18283642.66485305
-125.75;47.75;20420012.088337764
-137.25;47.75;-6542924.456276317
-118.75;47.75;46959701.715834476
-113.25;47.75;23211829.00893505
-127.75;47.75;12181601.106577862
-143.75;47.75;17407853.141413566
-139.75;47.75;163260.50586928066
-142.25;47.75;11009401.568714898
-140.25;47.75;2166492.677256257
-144.75;47.75;21107186.172104444
-142.75;47.75;13221390.246669415
-144.25;47.75;19329730.63576458
-141.75;47.75;8759702.18813018
-141.25;47.75;6508657.854234961
-140.75;47.75;4296519.959200917
-143.25;47.75;15363552.356170213
-142.75;48.25;12800683.156889662
-122.75;48.25;35512808.27433961
-124.75;48.25;25176958.44305989
-124.25;48.25;27782216.43775647
-125.25;48.25;22638178.150389627
-137.75;48.25;-6777025.827376304
-142.25;48.25;10483086.729507836
-123.75;48.25;30409221.10104254
-122.25;48.25;37869723.695116885
-138.25;48.25;-5657533.810751381
-121.25;48.25;41885905.744699396
-120.75;48.25;43429814.96088241
-120.25;48.25;44597753.41774537
-119.75;48.25;45351069.01239543
-143.25;48.25;15056217.958767708
-119.25;48.25;45662357.273446254
-118.75;48.25;45516830.20657065
-118.25;48.25;44913184.04803922
-117.75;48.25;43863936.15791523
-138.75;48.25;-4256499.673282973
-117.25;48.25;42395221.08627408
-116.75;48.25;40546054.87350523
-121.75;48.25;40014105.82160154
-125.75;48.25;20201269.425179098
-123.25;48.25;33005482.10805971
-126.75;48.25;15722626.654865855
-136.25;48.25;-8306000.96733151
-135.25;48.25;-7837177.490532262
-140.25;48.25;1326717.524119018
-134.75;48.25;-7217172.830320166
-134.25;48.25;-6384194.993949368
-140.75;48.25;3517803.3547474737
-133.75;48.25;-5376046.104235869
-133.25;48.25;-4231105.132622813
-132.75;48.25;-2985623.549793056
-132.25;48.25;-1671248.088013197
-136.75;48.25;-8105247.842044582
-131.75;48.25;-312971.7337741748
-131.25;48.25;1072322.2798810054
-141.25;48.25;5802424.109037416
-130.75;48.25;2476608.9445999493
-130.25;48.25;3900707.0887466758
-129.75;48.25;5353509.457050727
-129.25;48.25;6850525.0527838105
-110.25;48.25;11311763.148162505
-128.75;48.25;8411854.678557696
-137.25;48.25;-7595989.336692081
-128.25;48.25;10059762.213495722
-141.75;48.25;8137758.251332749
-127.75;48.25;11816031.283202203
-143.75;48.25;17218708.51033676
-126.25;48.25;17891292.249293905
-127.25;48.25;13699308.127897918
-135.75;48.25;-8209695.298357297
-115.25;48.25;33270040.965256274
-144.75;48.25;21154579.747664995
-110.75;48.25;12287826.654866837
-111.25;48.25;13631021.62340405
-113.25;48.25;22170176.790531162
-113.75;48.25;24868943.610566583
-139.25;48.25;-2601542.3407497737
-114.75;48.25;30494275.783875167
-112.75;48.25;19640803.854331147
-116.25;48.25;38367095.01437279
-144.25;48.25;19260097.439973556
-115.75;48.25;35918941.39454698
-139.75;48.25;-727261.1663760546
-112.25;48.25;17341969.33709223
-111.75;48.25;15325220.630848361
-114.25;48.25;27668329.807815906
-131.75;48.75;-1633875.6449261652
-126.25;48.75;17380374.547034528
-111.25;48.75;12457619.178398935
-113.75;48.75;23454058.753014635
-125.75;48.75;19693544.06195086
-142.75;48.75;12251347.458779013
-122.75;48.75;34574038.77672119
-142.25;48.75;9831574.131341089
-140.75;48.75;2611950.478372207
-123.25;48.75;32180841.662017804
-135.75;48.75;-9546419.734645877
-137.75;48.75;-7974991.900416685
-139.25;48.75;-3678933.773600374
-123.75;48.75;29686284.79276411
-133.75;48.75;-6794647.305658226
-124.75;48.75;24605076.151026264
-124.25;48.75;27144613.18332556
-125.25;48.75;22110040.78648788
-116.25;48.75;36621339.385389306
-133.25;48.75;-5646582.90638443
-131.25;48.75;-187424.62552546553
-111.75;48.75;14125271.31668584
-141.25;48.75;4971687.4284972865
-140.25;48.75;355388.6283917186
-112.25;48.75;16103500.120506003
-130.75;48.75;1291157.4276105254
-136.75;48.75;-9374470.18779311
-130.25;48.75;2800256.7640405754
-129.75;48.75;4345488.07995306
-110.25;48.75;10157163.947438883
-129.25;48.75;5938402.302974638
-132.25;48.75;-3038683.2528912113
-112.75;48.75;18352522.059398755
-128.75;48.75;7594680.305812271
-137.25;48.75;-8829928.750866618
-128.25;48.75;9331958.421000287
-132.75;48.75;-4384448.132027527
-141.75;48.75;7391989.385422245
-113.25;48.75;20822321.716431417
-127.75;48.75;11167456.5956977
-139.75;48.75;-1755307.8600375676
-114.25;48.75;26181909.014389217
-127.25;48.75;13115590.630435634
-126.75;48.75;15185746.111646071
-122.25;48.75;36808849.051735975
-144.25;48.75;19040560.816832334
-115.25;48.75;31641058.805816416
-134.75;48.75;-8609129.034839272
-117.75;48.75;42050680.765016146
-138.75;48.75;-5377537.929261924
-120.75;48.75;42002122.039428405
-118.75;48.75;43755677.68675648
-115.75;48.75;34226481.876510136
-114.75;48.75;28935246.4963729
-110.75;48.75;11129194.423925098
-144.75;48.75;21042231.479158487
-121.25;48.75;40575868.645805806
-117.25;48.75;40586494.899923794
-136.25;48.75;-9609740.269966247
-119.75;48.75;43722942.29943878
-120.25;48.75;43062802.464817956
-119.25;48.75;43958112.71391869
-121.75;48.75;38827880.3997562
-135.25;48.75;-9203948.928294333
-118.25;48.75;43115587.0512881
-143.75;48.75;16888350.82106191
-116.75;48.75;38760577.48760945
-134.25;48.75;-7794215.777293515
-138.25;48.75;-6818248.925962685
-143.25;48.75;14614854.641912883
-118.75;49.25;41690554.66085422
-115.75;49.25;32237716.14782064
-128.25;49.25;8325267.7977158
-128.75;49.25;6502812.193094231
-132.75;49.25;-6014680.835291596
-113.25;49.25;19195549.837089565
-117.75;49.25;39935022.52513342
-118.25;49.25;41014708.03216268
-137.25;49.25;-10224939.404575797
-141.75;49.25;6534106.902790494
-132.25;49.25;-4643757.659487078
-138.75;49.25;-6633733.633574507
-136.25;49.25;-11092382.936721701
-116.75;49.25;36675144.16210624
-131.25;49.25;-1696584.8876639013
-140.25;49.25;-732324.5394149488
-141.25;49.25;4029376.013159705
-116.25;49.25;34577276.64502429
-112.25;49.25;14597367.817711653
-143.75;49.25;16423644.14729593
-129.25;49.25;4756096.9867528025
-130.75;49.25;-149264.2533039492
-110.75;49.25;9724044.543789472
-117.25;49.25;38476462.57242004
-130.25;49.25;1439509.436916099
-136.75;49.25;-10813753.181315798
-110.25;49.25;8763795.444583299
-135.75;49.25;-11070621.646589557
-129.75;49.25;3072091.173326312
-112.75;49.25;16790626.40120239
-111.75;49.25;12664217.619162066
-119.25;49.25;41949381.46024472
-134.25;49.25;-9415265.54864211
-125.25;49.25;21285029.903973993
-139.25;49.25;-4884043.220781691
-127.75;49.25;10236137.462443568
-139.75;49.25;-2904717.237294344
-124.75;49.25;23734461.84376168
-133.75;49.25;-8431386.475787245
-121.25;49.25;38960867.536614895
-124.25;49.25;26206700.336304624
-114.75;49.25;27085211.45660877
-120.75;49.25;40269346.83284734
-144.25;49.25;18676946.612002105
-123.75;49.25;28661721.25222709
-138.25;49.25;-8122346.134345838
-123.25;49.25;31053496.03095249
-140.75;49.25;1593048.7848021747
-121.75;49.25;37336976.78534738
-122.75;49.25;33331707.090871483
-142.75;49.25;11582599.424183631
-114.25;49.25;24407906.771258745
-144.75;49.25;20775057.713820737
-134.75;49.25;-10204644.143889032
-131.75;49.25;-3198416.213885981
-113.75;49.25;21755608.26091508
-135.25;49.25;-10766427.942326134
-137.75;49.25;-9325063.84915417
-126.25;49.25;16577223.580554288
-115.25;49.25;29718183.22196429
-127.25;49.25;12245617.346454533
-143.25;49.25;14047467.274599608
-119.75;49.25;41789973.97148015
-126.75;49.25;14359448.127369562
-111.25;49.25;11030200.63226774
-122.25;49.25;35443759.40477611
-133.25;49.25;-7286979.449408631
-142.25;49.25;9065327.141891072
-120.25;49.25;41222811.35032174
-125.75;49.25;18891105.179181013
-134.25;49.75;-11221794.943672003
-140.75;49.75;477190.4389718643
-135.75;49.75;-12757285.153065179
-111.25;49.75;9389384.275919702
-135.25;49.75;-12499254.361043945
-132.75;49.75;-7852138.61679183
-111.75;49.75;10981837.442547962
-132.25;49.75;-6463270.280554495
-134.75;49.75;-11978171.22979152
-133.75;49.75;-10260924.02861466
-144.75;49.75;20360649.888864998
-133.25;49.75;-9127403.433790892
-126.75;49.75;13246424.173187949
-131.25;49.75;-3434741.8461561166
-122.75;49.75;31790827.426284045
-114.25;49.75;22381226.368256684
-122.25;49.75;33781338.31072214
-121.75;49.75;35550338.86988524
-114.75;49.75;24977995.65849634
-121.25;49.75;37052033.743687704
-120.75;49.75;38244873.60508544
-120.25;49.75;39093426.372338824
-143.25;49.75;13364131.549710976
-144.25;49.75;18177521.842864726
-115.25;49.75;27534110.804384395
-119.25;49.75;39656174.77748758
-115.75;49.75;29984146.585071187
-118.75;49.75;39343505.98707711
-118.25;49.75;38634497.03109986
-117.75;49.75;37542678.89159528
-116.25;49.75;32265131.286914542
-117.25;49.75;36092470.77569912
-143.75;49.75;15833689.343675151
-116.75;49.75;34318599.657364
-119.75;49.75;39570032.56779847
-142.75;49.75;10805606.195775662
-123.25;49.75;29626843.911631733
-123.75;49.75;27337625.735220708
-141.25;49.75;2990328.631720506
-112.25;49.75;12862449.75472132
-130.75;49.75;-1826007.642917132
-110.25;49.75;7173695.330260443
-130.25;49.75;-164858.34012372055
-112.75;49.75;14993048.97223442
-129.75;49.75;1547872.4831455806
-129.25;49.75;3315953.9182093563
-113.25;49.75;17326813.75890518
-128.75;49.75;5146373.952275708
-141.75;49.75;5577691.1018680455
-128.25;49.75;7047659.709243772
-110.75;49.75;8113755.938205484
-113.75;49.75;19809535.60278669
-127.75;49.75;9028036.332584891
-127.25;49.75;11093568.241412945
-126.25;49.75;15483394.515345123
-125.75;49.75;17794767.597521827
-142.25;49.75;8196691.667959907
-124.75;49.75;22565728.85115395
-124.25;49.75;24969631.842553534
-131.75;49.75;-4984651.178250806
-139.75;49.75;-4157000.409050981
-125.25;49.75;20163643.165520564
-137.75;49.75;-10804778.683029968
-138.75;49.75;-8004453.222723546
-139.25;49.75;-6197272.629673812
-136.75;49.75;-12399152.58484105
-140.25;49.75;-1919106.5027902327
-136.25;49.75;-12729391.375149177
-137.25;49.75;-11757771.63676609
-138.25;49.75;-9548235.678849021
-124.75;50.25;21105770.032194007
-124.25;50.25;23440978.799664088
-134.75;50.25;-13902140.117800707
-123.75;50.25;25722612.400769778
-123.25;50.25;27910872.781296242
-142.75;50.25;9932132.27856122
-122.75;50.25;29963046.31594852
-122.25;50.25;31835125.504310224
-110.75;50.25;6347312.074358277
-125.25;50.25;18752482.16893677
-121.25;50.25;34867172.606486134
-120.75;50.25;35948769.04229531
-120.25;50.25;36696992.93216322
-143.25;50.25;12575678.121018484
-119.75;50.25;37087715.820921175
-135.25;50.25;-14375124.283610938
-119.25;50.25;37105280.368803225
-118.75;50.25;36743419.543719344
-118.25;50.25;36005833.56733752
-138.75;50.25;-9468122.178799547
-138.25;50.25;-11073214.234490955
-121.75;50.25;33483578.156180423
-125.75;50.25;16411236.5413251
-142.25;50.25;7238498.954873929
-132.75;50.25;-9870314.787262518
-136.75;50.25;-14105121.117518295
-132.25;50.25;-8471586.430981359
-133.75;50.25;-12255758.939341363
-140.25;50.25;-3187121.745459055
-131.75;50.25;-6968066.488232935
-140.75;50.25;-719089.944057239
-131.25;50.25;-5378736.360412294
-110.25;50.25;5436287.802807706
-141.25;50.25;1869792.4281985182
-130.75;50.25;-3717476.3736840086
-137.75;50.25;-12390386.809411177
-130.25;50.25;-1992982.2384176615
-129.25;50.25;1634075.1901084527
-137.25;50.25;-13403723.90013276
-128.75;50.25;3539563.943424424
-134.25;50.25;-13186161.19138374
-141.75;50.25;4536744.362246003
-128.25;50.25;5511506.70303265
-127.75;50.25;7553848.907074242
-127.25;50.25;9668678.733758625
-126.75;50.25;11854726.474875659
-126.25;50.25;14106083.715829384
-117.75;50.25;34906402.03627356
-129.75;50.25;-209154.9757099019
-117.25;50.25;33469022.27483007
-133.25;50.25;-11140728.08838855
-135.75;50.25;-14579545.20433228
-111.25;50.25;7583569.743848966
-114.25;50.25;20144699.09846484
-136.25;50.25;-14494492.014798332
-114.75;50.25;22655251.20779544
-144.25;50.25;17551737.755522072
-115.25;50.25;25129243.805339735
-139.25;50.25;-7598245.868912426
-113.75;50.25;17659785.71097179
-115.75;50.25;27504846.41745151
-111.75;50.25;9125822.46559753
-113.25;50.25;15261107.380932499
-116.25;50.25;29722557.67563063
-144.75;50.25;19808040.582106028
-139.75;50.25;-5493033.826768909
-112.75;50.25;13005764.155497683
-116.75;50.25;31727078.29072189
-112.25;50.25;10945623.820044277
-143.75;50.25;15128540.134849949
-137.25;50.75;-15138376.42272857
-114.25;50.75;17747501.005709186
-134.75;50.75;-15948770.27633222
-124.25;50.75;21634218.25178115
-131.75;50.75;-9123086.182920517
-112.75;50.75;10880968.797330426
-136.25;50.75;-16361474.984603642
-110.25;50.75;3606315.802255598
-124.75;50.75;19367236.185665384
-128.75;50.75;1699689.1987561593
-141.25;50.75;682150.847978438
-125.25;50.75;17063710.18787048
-144.25;50.75;16809171.854799796
-123.75;50.75;23831303.701444767
-130.25;50.75;-4023053.8529990087
-131.25;50.75;-7504092.6657707
-128.25;50.75;3732704.055040571
-113.25;50.75;13049720.967048835
-141.75;50.75;3424469.899543422
-127.75;50.75;5828202.8633268615
-129.75;50.75;-2178668.582282365
-127.25;50.75;7984509.704403123
-130.75;50.75;-5800462.626103428
-113.75;50.75;15356639.462030005
-126.75;50.75;10197100.254915005
-111.75;50.75;7149829.001392686
-129.25;50.75;-270736.2707745657
-126.25;50.75;12457513.321217975
-142.25;50.75;6202889.263852516
-134.25;50.75;-15280419.996594694
-125.75;50.75;14752534.121069482
-139.25;50.75;-9067321.775074126
-137.75;50.75;-14058539.054156352
-123.25;50.75;25921639.734079074
-112.25;50.75;8899879.985710194
-144.75;50.75;19126662.527197275
-120.25;50.75;34061833.876689
-140.75;50.75;-1980143.2939830918
-143.25;50.75;11692587.15559285
-115.75;50.75;24845126.49506655
-119.75;50.75;34373576.08630605
-135.25;50.75;-16366611.072904468
-139.75;50.75;-6894509.370903088
-116.25;50.75;26993387.652770534
-110.75;50.75;4479260.87546689
-119.25;50.75;34329430.63788692
-118.75;50.75;33925133.32128821
-118.25;50.75;33165568.747103196
-132.75;50.75;-12042033.526022954
-138.75;50.75;-11003799.85063519
-116.75;50.75;28942829.887275934
-117.75;50.75;32064952.319318835
-143.75;50.75;14318124.003780458
-117.25;50.75;30646677.272210237
-136.75;50.75;-15906280.15566779
-132.25;50.75;-10642224.419943063
-133.75;50.75;-14387986.85062923
-120.75;50.75;33407108.916801494
-142.75;50.75;8973401.818298733
-135.75;50.75;-16510503.985348769
-122.75;50.75;27866106.476945847
-133.25;50.75;-13299303.243194018
-122.25;50.75;29624756.12554808
-111.25;50.75;5666937.853456047
-138.25;50.75;-12675098.367051626
-114.75;50.75;20164957.700179752
-140.25;50.75;-4519402.540480532
-121.75;50.75;31158381.449000817
-121.25;50.75;32430133.436492216
-115.25;50.75;22550274.214831974
-111.25;51.25;3697361.5636474467
-137.25;51.25;-16938881.780996114
-132.25;51.25;-12948975.683889478
-129.75;51.25;-4338811.227606147
-133.25;51.25;-15576187.382011464
-110.75;51.25;2567583.1451020036
-111.75;51.25;5111444.117933517
-140.25;51.25;-5900850.618218189
-144.75;51.25;18325602.855818626
-112.25;51.25;6782352.678564683
-131.75;51.25;-11424127.532674914
-130.25;51.25;-6232165.302089475
-132.75;51.25;-14340629.5109403
-136.75;51.25;-17778739.503832735
-131.25;51.25;-9786004.74274382
-110.25;51.25;1741680.7200522907
-130.75;51.25;-8051062.721866585
-141.25;51.25;-559981.5580861818
-139.75;51.25;-8344988.673550355
-117.25;51.25;27670962.73595935
-125.75;51.25;12835574.07138026
-112.75;51.25;8675190.130314566
-122.25;51.25;27175446.206791528
-138.25;51.25;-14333433.527651925
-115.25;51.25;19848741.7229671
-121.75;51.25;28601959.643142954
-121.25;51.25;29770216.766265
-120.75;51.25;30651339.141224906
-115.75;51.25;22055185.51015339
-120.25;51.25;31221559.79732752
-143.25;51.25;10724210.169202566
-119.75;51.25;31463375.347121067
-116.25;51.25;24126370.609344967
-119.25;51.25;31366497.82987877
-118.75;51.25;30928566.075958706
-116.75;51.25;26013046.43029871
-118.25;51.25;30155586.764089145
-138.75;51.25;-12592339.33910148
-117.75;51.25;29062085.98041828
-114.75;51.25;17559886.635300085
-144.25;51.25;15958776.203284305
-142.75;51.25;7939298.282414333
-123.25;51.25;23680814.644985955
-128.75;51.25;-353481.57224647613
-141.75;51.25;2252407.6776203653
-113.25;51.25;10748431.989194063
-128.25;51.25;1730078.71683225
-127.75;51.25;3869115.9049085933
-113.75;51.25;12954992.835036056
-127.25;51.25;6058447.053059885
-126.75;51.25;8290516.701152757
-129.25;51.25;-2377685.469259073
-126.25;51.25;10554489.282417767
-143.75;51.25;13411480.008264648
-137.75;51.25;-15787539.799476251
-139.25;51.25;-10586701.839599732
-125.25;51.25;15114635.414905604
-114.25;51.25;15243523.83036596
-124.75;51.25;17368119.92728261
-124.25;51.25;19568310.263772015
-123.75;51.25;21683893.714521788
-142.25;51.25;5100482.894232739
-122.75;51.25;25523363.878657643
-136.25;51.25;-18305533.593276717
-134.75;51.25;-18091405.038996104
-135.75;51.25;-18524579.691228807
-135.25;51.25;-18447512.443555795
-134.25;51.25;-17477635.89228631
-133.75;51.25;-16630576.082256384
-140.75;51.25;-3292157.542352921
-120.25;51.75;28214394.324469708
-112.25;51.75;4652300.6069545215
-141.75;51.75;1030006.3756639817
-142.25;51.75;3939973.0112235267
-116.75;51.75;22988667.603885442
-132.25;51.75;-15366465.125159992
-133.75;51.75;-18958051.153627492
-128.75;51.75;-2598002.9951080354
-110.75;51.75;671513.5936262241
-112.75;51.75;6447341.24188494
-137.75;51.75;-17558053.39801889
-110.25;51.75;-98762.16812766012
-125.25;51.75;12927431.38071613
-115.25;51.75;17079554.13548207
-111.75;51.75;3070100.0933956075
-121.25;51.75;26921607.52751628
-134.25;51.75;-19752596.76624367
-140.25;51.75;-7318760.292954107
-124.75;51.75;15131453.7561221
-132.75;51.75;-16740552.91376971
-136.75;51.75;-19700847.348752413
-120.75;51.75;27717656.9701519
-126.25;51.75;8418151.168847846
-130.25;51.75;-8596690.932361113
-116.25;51.75;21173886.74504725
-130.75;51.75;-10445100.527054012
-144.25;51.75;15008488.163444921
-127.75;51.75;1697744.5553456948
-139.25;51.75;-12141031.26330027
-114.25;51.75;12689699.815069627
-117.75;51.75;25945532.98077142
-118.25;51.75;27021861.88149861
-138.75;51.75;-14217026.966287214
-113.75;51.75;10512586.846387299
-127.25;51.75;3911457.332019226
-143.75;51.75;12416374.46456122
-131.25;51.75;-12199804.327908726
-118.75;51.75;27797848.53956163
-114.75;51.75;14896023.631116828
-135.75;51.75;-20598268.103534676
-113.25;51.75;8415644.62417983
-141.25;51.75;-1846214.0897579389
-117.25;51.75;24591266.32018923
-119.25;51.75;28258694.5872098
-126.75;51.75;6155928.842175566
-119.75;51.75;28397350.386412393
-135.25;51.75;-20593604.746003807
-128.25;51.75;-474875.4600523087
-131.75;51.75;-13846115.194451075
-140.75;51.75;-4643644.68029182
-143.25;51.75;9678384.678196752
-121.75;51.75;25846529.201474458
-125.75;51.75;10681899.58189542
-133.25;51.75;-17945794.19968468
-134.75;51.75;-20305250.01534173
-137.25;51.75;-18784696.66112954
-111.25;51.75;1734267.0251925762
-123.75;51.75;19305788.524101555
-138.25;51.75;-16030169.202904146
-122.25;51.75;24517518.967650745
-144.75;51.75;17413203.74219795
-123.25;51.75;21215285.97204437
-129.25;51.75;-4664296.974802971
-142.75;51.75;6837971.564904538
-115.75;51.75;19188727.863152497
-124.25;51.75;17267369.169102047
-129.75;51.75;-6666535.432448536
-136.25;51.75;-20304024.405685145
-139.75;51.75;-9830464.801188242
-122.75;51.75;22963355.478332017
-117.25;52.25;21459652.502575904
-142.25;52.25;2728154.2694196464
-112.25;52.25;2569030.5173289683
-112.75;52.25;4256712.569807243
-128.25;52.25;-2857967.975299621
-119.75;52.25;25219427.573736764
-123.75;52.25;16727279.873651147
-140.75;52.25;-6025440.869617211
-142.75;52.25;5675863.405483708
-130.25;52.25;-11092223.613257995
-126.25;52.25;6073875.301115673
-135.25;52.25;-22782775.401590273
-133.25;52.25;-20383940.252659258
-122.75;52.25;20219370.483489573
-131.75;52.25;-16364456.70907195
-120.25;52.25;25082455.923808243
-110.75;52.25;-1150667.5862458842
-141.25;52.25;-3168364.788926792
-129.25;52.25;-7106355.087225677
-130.75;52.25;-12958071.385027599
-127.75;52.25;-661610.3238549718
-144.25;52.25;13965204.319324622
-136.25;52.25;-22336614.955739748
-139.25;52.25;-13717463.794749403
-139.75;52.25;-11339403.823918814
-114.25;52.25;10144245.568454422
-117.75;52.25;22765901.423253532
-118.25;52.25;23813447.020341408
-115.75;52.25;16301496.338031583
-138.75;52.25;-15863669.953435529
-113.75;52.25;8088160.880899917
-127.25;52.25;1568063.6227180434
-143.75;52.25;11339298.779063392
-131.25;52.25;-14720918.194478534
-123.25;52.25;18556783.864714246
-118.75;52.25;24580391.799275853
-114.75;52.25;12230906.818937419
-119.25;52.25;25051717.68765369
-135.75;52.25;-22710285.608392227
-137.25;52.25;-20657720.72166225
-143.25;52.25;8561449.326997094
-113.25;52.25;6110458.356886774
-126.75;52.25;3818213.052418621
-141.75;52.25;-235351.62143253448
-116.25;52.25;18190576.487296943
-124.75;52.25;12685080.949378189
-133.75;52.25;-21346565.689038694
-124.25;52.25;14760386.520037048
-134.25;52.25;-22081910.191068996
-128.75;52.25;-5009705.037159805
-111.75;52.25;1084941.4047517679
-111.25;52.25;-163543.85090959587
-132.25;52.25;-17870148.615635186
-120.75;52.25;24646356.149411265
-132.75;52.25;-19217391.425157286
-140.25;52.25;-8762837.93794549
-121.25;52.25;23922780.350329556
-144.75;52.25;16397006.455779826
-125.25;52.25;10528954.16844023
-134.75;52.25;-22567489.656501614
-137.75;52.25;-19353230.15976
-125.75;52.25;8317544.778430391
-110.25;52.25;-1857428.9691023668
-122.25;52.25;21685922.726556387
-136.75;52.25;-21653336.53904664
-129.75;52.25;-9137538.286242351
-121.75;52.25;22928774.884585295
-116.75;52.25;19923105.02154169
-138.25;52.25;-17749767.446449585
-115.25;52.25;14299422.570313435
-110.25;52.75;-3480241.9519890808
-134.75;52.75;-24856850.299385246
-118.75;52.75;21325807.649465237
-119.25;52.75;21793749.504710205
-114.75;52.75;9621825.930521972
-131.25;52.75;-17324408.289226945
-137.25;52.75;-22541894.036728635
-121.25;52.75;20815793.933419637
-123.25;52.75;15741439.20368624
-111.75;52.75;-787364.506019414
-143.75;52.75;10185799.995171614
-141.75;52.75;-1537917.642869655
-142.75;52.75;4458103.970029915
-116.25;52.75;15231813.148822665
-144.25;52.75;12835066.853700409
-136.75;52.75;-23618921.317320827
-136.25;52.75;-24384876.28121671
-139.25;52.75;-15305235.557097161
-121.75;52.75;19889211.45842818
-139.75;52.75;-12862310.913179716
-114.25;52.75;7664776.695233774
-127.25;52.75;-943551.297810973
-140.75;52.75;-7430264.111611633
-144.75;52.75;15283986.731873617
-118.25;52.75;20581309.6306043
-132.75;52.75;-21747393.746968884
-134.25;52.75;-24443553.98658599
-124.75;52.75;10061415.516684003
-138.75;52.75;-17520178.451714423
-117.75;52.75;19575425.82220027
-113.75;52.75;5739488.798748866
-115.75;52.75;13449651.682472793
-138.25;52.75;-19478792.28251517
-135.75;52.75;-24841154.27098707
-124.25;52.75;12080923.155160408
-128.75;52.75;-7561909.175965833
-122.75;52.75;17328943.787174053
-122.25;52.75;18719658.752205882
-132.25;52.75;-20435835.61242002
-126.25;52.75;3551242.198514117
-116.75;52.75;16870808.073935658
-130.25;52.75;-13693162.523884244
-133.25;52.75;-22867374.306813993
-120.25;52.75;21870911.527824447
-125.75;52.75;5772932.789556678
-129.25;52.75;-9677570.21222248
-140.25;52.75;-10224762.230019705
-142.25;52.75;1470341.0221128091
-130.75;52.75;-15564702.138778405
-112.25;52.75;589748.3620813825
-129.75;52.75;-11725884.81127372
-143.25;52.75;7378611.255889149
-131.75;52.75;-18954570.36690764
-135.25;52.75;-24994597.842361264
-127.75;52.75;-3181335.9943896723
-117.25;52.75;18329520.610938776
-141.25;52.75;-4520020.120309617
-111.25;52.75;-1940110.748386549
-137.75;52.75;-21158301.177490603
-113.25;52.75;3890633.0463123946
-120.75;52.75;21481052.121737186
-119.75;52.75;21976302.029292636
-115.25;52.75;11565149.369874444
-126.75;52.75;1306205.17299466
-112.75;52.75;2160874.8790875967
-128.25;52.75;-5392083.551423057
-110.75;52.75;-2843867.3394573904
-123.75;52.75;13983170.307809087
-125.25;52.75;7950571.137163141
-133.75;52.75;-23773441.2670167
-140.25;53.25;-11697392.220644377
-143.75;53.25;8961050.815364473
-129.75;53.25;-14403479.141377658
-129.25;53.25;-12349126.967236647
-140.75;53.25;-8851933.958288306
-141.75;53.25;-2872836.699388954
-117.25;53.25;15254033.474810554
-128.25;53.25;-8046901.720289029
-130.25;53.25;-16372114.964253578
-128.75;53.25;-10225059.773056779
-114.75;53.25;7123839.216478381
-135.75;53.25;-26972372.491354827
-137.25;53.25;-24422382.44118604
-115.25;53.25;8931719.26690481
-117.75;53.25;16426483.903463768
-134.25;53.25;-26816037.61200843
-116.25;53.25;12351957.40567581
-116.75;53.25;13885604.769231055
-130.75;53.25;-18238292.096824877
-126.25;53.25;883943.8023546747
-120.25;53.25;18626913.75118347
-142.25;53.25;171076.8473831942
-112.25;53.25;-1232670.115145869
-137.75;53.25;-22959766.840015884
-127.75;53.25;-5830319.101891753
-125.75;53.25;3082690.984880465
-132.25;53.25;-23038903.2861561
-133.75;53.25;-26216332.31836418
-120.75;53.25;18267697.350132357
-125.25;53.25;5227886.530201264
-121.25;53.25;17645382.905451838
-111.75;53.25;-2494874.2042940613
-121.75;53.25;16771351.08741128
-110.25;53.25;-4918858.925770391
-134.75;53.25;-27152762.2665111
-124.75;53.25;7297080.967721926
-136.75;53.25;-25581478.49045784
-122.25;53.25;15661023.86697706
-144.75;53.25;14080991.628117556
-138.25;53.25;-21205100.619009767
-124.25;53.25;9266664.056946116
-122.75;53.25;14333174.20973345
-133.25;53.25;-25372951.35854041
-111.25;53.25;-3544567.7014770173
-123.75;53.25;11112246.917686544
-123.25;53.25;12809178.660668982
-142.75;53.25;3189183.058761592
-136.25;53.25;-26431459.035868797
-139.75;53.25;-14390930.911232375
-132.75;53.25;-24306659.655512284
-135.25;53.25;-27209497.130736638
-143.25;53.25;6134570.8335612975
-112.75;53.25;213478.9193265701
-141.25;53.25;-5895771.634133723
-113.75;53.25;3521268.899905176
-113.25;53.25;1810428.636532437
-127.25;53.25;-3591449.8731249534
-138.75;53.25;-19175758.659879502
-126.75;53.25;-1347298.65105433
-118.25;53.25;17376936.03719104
-110.75;53.25;-4358426.537813904
-119.25;53.25;18534232.916420914
-131.75;53.25;-21591132.248383585
-114.25;53.25;5306257.218435651
-118.75;53.25;18084599.144233983
-119.75;53.25;18716294.76528608
-139.25;53.25;-16894861.029665973
-115.75;53.25;10687943.416988865
-144.25;53.25;11623970.806066288
-131.25;53.25;-19984261.016162783
-143.75;53.75;7670536.957954929
-116.25;53.75;9602370.487429034
-110.25;53.75;-6132862.222714372
-129.25;53.75;-15089302.977376867
-117.75;53.75;13369840.983358191
-122.75;53.75;11275777.106704317
-124.25;53.75;6358728.149114844
-118.25;53.75;14250657.739618288
-127.75;53.75;-8573899.349148301
-134.25;53.75;-29177391.728447102
-123.75;53.75;8156502.077166546
-123.25;53.75;9802859.950106189
-140.75;53.75;-10284402.999155799
-142.75;53.75;1873764.6035890374
-138.25;53.75;-22916811.34447935
-124.75;53.75;4432313.316881831
-134.75;53.75;-29434335.107294634
-127.25;53.75;-6340007.574073111
-135.25;53.75;-29407716.266508065
-126.25;53.75;-1890507.1523260947
-120.25;53.75;15398255.074435111
-140.25;53.75;-13173777.92048393
-142.25;53.75;-1165000.4441842583
-128.25;53.75;-10788736.481546177
-117.25;53.75;12284281.53573223
-137.75;53.75;-24744361.613972582
-119.75;53.75;15487925.93234842
-126.75;53.75;-4105722.517440813
-143.25;53.75;4834276.956963327
-116.75;53.75;11018788.36481577
-128.75;53.75;-12966451.519310402
-125.75;53.75;285253.88499567664
-120.75;53.75;15053315.500465652
-125.25;53.75;2400242.168745177
-121.25;53.75;14457771.301936155
-119.25;53.75;15322362.695001783
-138.75;53.75;-20819887.909682736
-121.75;53.75;13620595.86151625
-118.75;53.75;14906569.49214447
-141.75;53.75;-4235240.355911514
-115.75;53.75;8067654.920102117
-122.25;53.75;12554582.42592784
-136.75;53.75;-27525007.39678909
-137.25;53.75;-26284539.29026002
-133.25;53.75;-27876672.18218291
-141.25;53.75;-7290274.582038866
-112.75;53.75;-1538031.2337351372
-139.25;53.75;-18477116.448080286
-144.25;53.75;10338174.911911936
-113.75;53.75;1482874.4966107619
-129.75;53.75;-17139579.97141646
-112.25;53.75;-2851967.852451042
-131.75;53.75;-24247259.790030908
-114.75;53.75;4787603.437148585
-111.75;53.75;-3992647.378818428
-133.75;53.75;-28652236.707752258
-114.25;53.75;3118784.913842756
-131.25;53.75;-22672639.41197483
-132.75;53.75;-26870217.54371188
-111.25;53.75;-4933402.053173443
-144.75;53.75;12795265.653890409
-139.75;53.75;-15917243.233579379
-136.25;53.75;-28459053.167206053
-113.25;53.75;-81668.42313306557
-130.75;53.75;-20950043.933102895
-135.75;53.75;-29085376.49761907
-130.25;53.75;-19099315.375448886
-115.25;53.75;6450182.994082697
-110.75;53.75;-5652348.609115726
-132.25;53.75;-25653421.90797215
-125.75;54.25;-2577859.4201392536
-122.25;54.25;9445815.680066885
-110.75;54.25;-6693441.870666498
-141.25;54.25;-8697296.277749782
-128.75;54.25;-15750232.422887014
-124.75;54.25;1510034.6873066337
-114.25;54.25;1145268.8717575015
-133.75;54.25;-31056596.98352977
-118.25;54.25;11249707.302831095
-115.25;54.25;4165380.417423256
-126.25;54.25;-4731389.223010077
-125.25;54.25;-490109.9354552273
-112.25;54.25;-4230787.364477181
-140.25;54.25;-14646154.383728836
-130.25;54.25;-21842271.90989011
-134.75;54.25;-31679388.760556296
-130.75;54.25;-23668603.5758745
-117.25;54.25;9467204.500022173
-132.75;54.25;-29411231.29700686
-127.75;54.25;-11374122.482268605
-111.75;54.25;-5244990.474962386
-143.25;54.25;3483672.3261317792
-121.75;54.25;10482811.021651322
-135.25;54.25;-31568323.10594688
-128.25;54.25;-13580664.28850778
-120.25;54.25;12231716.85791533
-116.75;54.25;8316978.743569607
-121.25;54.25;11299170.681371612
-135.75;54.25;-31160528.76153657
-141.75;54.25;-5619333.683151067
-139.75;54.25;-17432438.723562814
-110.25;54.25;-7091839.463020148
-129.25;54.25;-17863348.717516426
-136.75;54.25;-29432594.74672389
-129.75;54.25;-19900560.989840824
-119.75;54.25;12338189.472575827
-114.75;54.25;2657068.949824673
-134.25;54.25;-31504230.4387267
-131.25;54.25;-25359324.898854647
-112.75;54.25;-3054726.096079123
-123.25;54.25;6767079.607498792
-120.75;54.25;11884424.92620715
-123.75;54.25;5160025.240337439
-126.75;54.25;-6929207.138192155
-138.75;54.25;-22441272.655010402
-143.75;54.25;6320728.584731295
-113.25;54.25;-1745269.2189137712
-140.75;54.25;-11720774.506725682
-142.75;54.25;517496.8145025155
-111.25;54.25;-6072651.517418355
-133.25;54.25;-30352832.523727287
-127.25;54.25;-9150289.175117118
-119.25;54.25;12205286.139142817
-144.25;54.25;8984890.43627526
-142.25;54.25;-2532292.7977776295
-132.25;54.25;-28251429.666196875
-136.25;54.25;-30449362.57549469
-124.25;54.25;3400648.4639944583
-117.75;54.25;10452636.876472529
-144.75;54.25;11434948.670751287
-118.75;54.25;11838949.514266457
-113.75;54.25;-333974.9855504097
-131.75;54.25;-26893864.968858656
-138.25;54.25;-24601260.14606338
-116.25;54.25;7029221.547238451
-139.25;54.25;-20042004.90149807
-115.75;54.25;5634364.327248858
-122.75;54.25;8201811.632686623
-137.25;54.25;-28112863.857447337
-137.75;54.25;-26498009.095776327
-132.25;54.75;-30802573.735812332
-110.25;54.75;-7777249.771694935
-112.25;54.75;-5342826.162497392
-143.75;54.75;4919609.917638473
-117.75;54.75;7716197.535086043
-115.75;54.75;3425629.681028626
-127.75;54.75;-14190411.407722583
-113.25;54.75;-3150336.8247875096
-138.75;54.75;-24026991.54831667
-126.75;54.75;-9775515.95094652
-113.75;54.75;-1897502.5987782227
-131.25;54.75;-28011549.386673328
-119.75;54.75;9310576.582113206
-127.25;54.75;-11980839.742037024
-131.75;54.75;-29499386.52709829
-130.75;54.75;-26360000.088930316
-118.75;54.75;8924309.071840132
-137.75;54.75;-28204981.293722555
-112.75;54.75;-4308400.564397032
-114.25;54.75;-580882.2086024663
-118.25;54.75;8416077.849567879
-126.25;54.75;-7595787.731117177
-120.25;54.75;9171151.368722036
-141.25;54.75;-10108921.791090883
-135.25;54.75;-33668490.229746535
-142.25;54.75;-3923526.8898464446
-125.75;54.75;-5463163.679429471
-144.75;54.75;10009439.495016914
-143.25;54.75;2090293.6776539853
-116.75;54.75;5819855.39719379
-124.75;54.75;-1425450.8851109347
-128.75;54.75;-18537826.538819846
-133.75;54.75;-33402723.06318144
-122.25;54.75;6379449.39784757
-139.75;54.75;-18926067.52978051
-138.25;54.75;-26244148.323655117
-141.75;54.75;-7017636.226069634
-136.25;54.75;-32382322.260381714
-133.25;54.75;-32773509.47376627
-124.25;54.75;436984.6628838971
-137.25;54.75;-29890175.5101009
-116.25;54.75;4671192.301113991
-122.75;54.75;5156074.077933846
-129.25;54.75;-20633785.079129927
-129.75;54.75;-22650085.063779
-123.25;54.75;3746635.120179424
-134.25;54.75;-33771118.80797222
-136.75;54.75;-31285608.034484867
-111.25;54.75;-6939926.406704472
-123.75;54.75;2167537.8371371324
-140.75;54.75;-13152481.22167695
-135.75;54.75;-33176363.767244235
-132.75;54.75;-31900559.382023875
-142.75;54.75;-872325.7265434461
-115.25;54.75;2113616.0168275023
-119.25;54.75;9226069.452991001
-144.25;54.75;7572731.754269237
-134.75;54.75;-33863773.735905915
-140.25;54.75;-16105101.431310257
-125.25;54.75;-3399222.2097645868
-130.25;54.75;-24565820.82718635
-117.25;54.75;6843360.395226578
-139.25;54.75;-21577898.890287068
-114.75;54.75;767156.0807909467
-121.25;54.75;8213982.468793236
-128.25;54.75;-16383071.882282918
-110.75;54.75;-7461265.802251828
-120.75;54.75;8805180.355988987
-121.75;54.75;7402589.134954562
-111.75;54.75;-6227549.145894843
-113.25;55.25;-4279200.331999341
-134.75;55.25;-35961165.855538376
-120.75;55.25;5855326.92929912
-133.75;55.25;-35661714.38258471
-140.25;55.25;-17539026.527038824
-140.75;55.25;-14568776.3363236
-119.75;55.25;6442961.254692699
-126.75;55.25;-12601379.86976016
-132.25;55.25;-33274275.147641633
-111.25;55.25;-7526104.140730689
-131.75;55.25;-32030049.671760146
-144.75;55.25;8529545.030256227
-136.75;55.25;-33063304.32047561
-123.75;55.25;-777393.0357646286
-123.25;55.25;784686.9688216833
-143.25;55.25;663615.9075556982
-111.75;55.25;-6929091.118139082
-124.25;55.25;-2488406.414843768
-132.75;55.25;-34306831.714256376
-120.25;55.25;6255400.595277128
-126.25;55.25;-10440030.872968195
-135.25;55.25;-35683235.24495804
-121.75;55.25;4421279.96906625
-124.75;55.25;-4330124.020642176
-122.25;55.25;3397524.7864987627
-125.75;55.25;-8326727.710438158
-122.75;55.25;2181212.600260199
-112.75;55.25;-5283518.02640206
-139.75;55.25;-20385521.475380335
-125.25;55.25;-6283048.505048368
-138.25;55.25;-27829063.69854951
-137.75;55.25;-29847443.88758562
-136.25;55.25;-34235745.98970133
-142.25;55.25;-5329318.764445892
-133.25;55.25;-35108557.42983349
-141.25;55.25;-11515061.081809996
-121.25;55.25;5242788.9822320035
-112.25;55.25;-6174703.347998344
-142.75;55.25;-2286368.1792932693
-137.25;55.25;-31597188.3374492
-118.75;55.25;6198383.92056526
-134.25;55.25;-35950428.06659055
-114.75;55.25;-858413.2494092471
-129.75;55.25;-25349795.807503477
-116.25;55.25;2557244.8457899773
-115.25;55.25;320459.2468293655
-110.25;55.25;-8183934.574442911
-116.75;55.25;3557922.8555776887
-127.75;55.25;-16980708.67886556
-127.25;55.25;-14788931.242548587
-130.75;55.25;-28988112.94658841
-129.25;55.25;-23361209.804043945
-131.25;55.25;-30594356.064723857
-117.75;55.25;5193819.116643537
-128.75;55.25;-21288854.919181705
-114.25;55.25;-2037886.8578309577
-110.75;55.25;-7948734.278579162
-113.75;55.25;-3187949.091239264
-141.75;55.25;-8420513.639300287
-138.75;55.25;-25561997.40308139
-117.25;55.25;4444696.756144783
-118.25;55.25;5784326.045520007
-139.25;55.25;-23071029.251544263
-115.75;55.25;1468768.1655090728
-119.25;55.25;6421552.410430597
-143.75;55.25;3476965.653651475
-144.25;55.25;6111937.581146476
-130.25;55.25;-27232704.490800664
-128.25;55.25;-19154689.772638492
-135.75;55.25;-35109279.42448911
-112.25;55.75;-6727346.754366359
-122.25;55.75;537341.8122721143
-130.75;55.75;-31515704.735446062
-139.75;55.75;-21795964.89645532
-143.75;55.75;2004360.9142873834
-141.25;55.75;-12903357.808429586
-137.25;55.75;-33212607.847212907
-139.25;55.75;-24505437.539868686
-127.75;55.75;-19703060.589982
-136.25;55.75;-35985523.21649393
-111.75;55.75;-7352795.711385169
-116.75;55.75;1550515.4567870724
-132.25;55.75;-35632486.958662085
-140.25;55.75;-18934080.928358413
-128.25;55.75;-21854092.524148133
-125.25;55.75;-9099344.722471522
-143.25;55.75;-784931.9454987574
-134.75;55.75;-37943442.86868286
-121.25;55.75;2420278.7761969795
-135.25;55.75;-37585733.60655151
-144.75;55.75;7007371.184434783
-130.25;55.75;-29804699.70699379
-117.25;55.75;2292526.7076486573
-114.75;55.75;-2208917.05157132
-120.75;55.75;3068120.463293324
-121.75;55.75;1574923.426025486
-132.75;55.75;-36597123.07306115
-125.75;55.75;-11126026.780498384
-141.75;55.75;-9816094.215915222
-117.75;55.75;2908722.1264376263
-128.75;55.75;-23962547.152117178
-124.75;55.75;-7162191.476131485
-115.25;55.75;-1201117.9162474235
-120.25;55.75;3516213.892380023
-119.25;55.75;3820269.014939715
-144.25;55.75;4614309.0212098025
-123.75;55.75;-3634357.7812340665
-142.25;55.75;-6738105.648398547
-129.25;55.75;-26005616.563210245
-138.25;55.75;-29337494.604215227
-110.75;55.75;-8163207.075048271
-113.75;55.75;-4199228.319427068
-131.25;55.75;-33071537.895970773
-129.75;55.75;-27960541.81213512
-131.75;55.75;-34450712.79396808
-140.75;55.75;-15956642.21325214
-133.25;55.75;-37326200.89737203
-134.25;55.75;-38012780.06279876
-127.25;55.75;-17532224.450838458
-119.75;55.75;3765517.9293107856
-142.75;55.75;-3713209.88302104
-126.75;55.75;-15364230.170250256
-113.25;55.75;-5128126.336381099
-118.75;55.75;3688002.964281227
-123.25;55.75;-2079266.7997232948
-122.75;55.75;-684315.7896634059
-137.75;55.75;-31405509.191533953
-115.75;55.75;-221058.8374487425
-126.25;55.75;-13221486.189860547
-116.25;55.75;704662.5698084714
-135.75;55.75;-36933790.01258189
-114.25;55.75;-3217323.187253229
-112.75;55.75;-5978691.991292354
-111.25;55.75;-7836519.650430145
-136.75;55.75;-34742975.01094615
-118.25;55.75;3379510.2448542994
-138.75;55.75;-27029097.47453168
-133.75;55.75;-37802976.37661827
-110.25;55.75;-8321112.13213599
-124.25;55.75;-5334346.190597097
-139.75;56.25;-23140761.60204391
-115.75;56.25;-1642232.2714980682
-111.25;56.25;-7891478.316989514
-143.25;56.25;-2242302.1773910415
-129.75;56.25;-30444053.180536833
-141.75;56.25;-11190608.785366
-123.75;56.25;-6368159.89507093
-125.25;56.25;-11809724.900881534
-130.25;56.25;-32244225.562887866
-121.25;56.25;-226703.4779027115
-133.25;56.25;-39394210.965497255
-123.25;56.25;-4811433.857230787
-144.25;56.25;3092854.6522157853
-110.75;56.25;-8126904.616385059
-135.75;56.25;-38623365.79063653
-122.75;56.25;-3408271.2266839636
-124.25;56.25;-8064396.6003179625
-139.25;56.25;-25863439.687611777
-134.25;56.25;-39928084.85854931
-136.25;56.25;-37606396.06579872
-116.25;56.25;-882412.4367797277
-129.25;56.25;-28528137.09661168
-133.75;56.25;-39795326.89904428
-122.25;56.25;-2170545.165990609
-111.75;56.25;-7516868.53140187
-124.75;56.25;-9884148.757107561
-138.25;56.25;-30749382.51741604
-140.75;56.25;-17301161.56835743
-128.75;56.25;-26519545.037606113
-142.75;56.25;-5139676.216533331
-115.25;56.25;-2452045.506769608
-132.75;56.25;-38738200.72612446
-121.75;56.25;-1107729.3918399161
-117.25;56.25;395931.94963867805
-116.75;56.25;-195735.35455929776
-131.75;56.25;-36726259.689261906
-143.75;56.25;514797.8610234829
-119.75;56.25;1298876.3132096813
-127.25;56.25;-20170723.723186113
-137.25;56.25;-34713789.57793014
-131.25;56.25;-35407102.48971245
-125.75;56.25;-13821984.830504313
-117.75;56.25;872395.5771118148
-142.25;56.25;-8136479.107008218
-118.75;56.25;1409329.4996372296
-120.75;56.25;468409.2664017578
-114.75;56.25;-3287850.135009846
-132.25;56.25;-37843013.90109644
-112.75;56.25;-6407508.744453674
-118.25;56.25;1215480.8947956616
-112.25;56.25;-7016711.39381744
-130.75;56.25;-33905958.149599515
-126.25;56.25;-15900581.303698678
-120.25;56.25;976364.7514822467
-127.75;56.25;-22317527.97883133
-114.25;56.25;-4125252.900033909
-126.75;56.25;-18024190.02975907
-141.25;56.25;-14259541.819887782
-135.25;56.25;-39348222.67734891
-136.75;56.25;-36300662.37137033
-134.75;56.25;-39781654.55800656
-137.75;56.25;-32857839.94792096
-138.75;56.25;-28409459.18464014
-128.25;56.25;-24441558.94445353
-140.25;56.25;-20274555.72852192
-144.75;56.25;5455953.463972405
-110.25;56.25;-8212699.178794267
-113.75;56.25;-4939953.93496866
-119.25;56.25;1440643.696909503
-113.25;56.25;-5708244.785626687
-135.75;56.75;-40151791.1190437
-113.75;56.75;-5433663.24332939
-120.25;56.75;-1351825.4467109172
-111.25;56.75;-7725954.102482733
-134.25;56.75;-41667078.53084521
-133.25;56.75;-41281555.23250034
-143.75;56.75;-977920.0413912646
-118.25;56.75;-706269.3674647312
-124.25;56.75;-10648808.627018645
-115.75;56.75;-2807338.090654581
-122.75;56.75;-5966436.148918065
-126.25;56.75;-18442855.36389169
-129.75;56.75;-32764906.259481136
-118.75;56.75;-633375.4405066308
-129.25;56.75;-30893036.402574256
-127.25;56.75;-22668836.794254016
-126.75;56.75;-20546133.78458786
-141.75;56.75;-12529131.585413784
-119.75;56.75;-947278.376321879
-123.25;56.75;-7385585.922114123
-116.25;56.75;-2213746.3533667284
-138.75;56.75;-29683609.656297084
-114.25;56.75;-4782556.631168894
-142.75;56.75;-6551522.431806094
-140.75;56.75;-18586328.87282098
-138.25;56.75;-32044177.31520673
-131.25;56.75;-37567120.11254167
-142.25;56.75;-9509895.957219074
-123.75;56.75;-8950722.256196864
-137.75;56.75;-34182762.79715012
-119.25;56.75;-710328.599282552
-113.25;56.75;-6045661.8064350635
-131.75;56.75;-38823401.878905796
-144.25;56.75;1561177.1730324596
-132.75;56.75;-40698227.45451348
-121.75;56.75;-3606901.2992208065
-121.25;56.75;-2680776.051052665
-128.25;56.75;-26881112.09462581
-135.25;56.75;-40943420.892355256
-114.75;56.75;-4113370.321671602
-136.75;56.75;-37712394.26706638
-128.75;56.75;-28923923.061406896
-117.75;56.75;-916462.5790890536
-125.75;56.75;-16381010.783996135
-115.25;56.75;-3447711.145540652
-139.25;56.75;-27126572.891303655
-141.25;56.75;-15568203.394727256
-110.75;56.75;-7876516.438698368
-140.25;56.75;-21543734.432547808
-130.25;56.75;-34516273.11298723
-117.25;56.75;-1249202.8450450303
-120.75;56.75;-1928915.237855746
-124.75;56.75;-12464764.6788739
-132.25;56.75;-39873266.28082879
-130.75;56.75;-36124366.601546265
-139.75;56.75;-24402372.664239798
-136.25;56.75;-39073255.80802946
-112.25;56.75;-7073676.410221708
-137.25;56.75;-36077912.62084264
-125.25;56.75;-14381675.153400866
-112.75;56.75;-6598530.778346864
-111.75;56.75;-7454336.204377646
-127.75;56.75;-24788239.49448939
-110.25;56.75;-7896837.88534876
-134.75;56.75;-41447501.91099878
-143.25;56.75;-3694487.4211815055
-116.75;56.75;-1687769.055547462
-144.75;56.75;3888665.7554190964
-122.25;56.75;-4704074.669842188
-133.75;56.75;-41608591.01195178
-110.75;57.25;-7461942.6058856575
-119.25;57.25;-2637749.319970589
-121.25;57.25;-4935121.788844812
-138.75;57.25;-30832825.340216577
-111.25;57.25;-7388405.730801474
-116.25;57.25;-3312949.295283477
-112.25;57.25;-6943040.010111017
-113.75;57.25;-5718136.687326492
-115.75;57.25;-3742976.9238324445
-143.25;57.25;-5127429.39476557
-136.25;57.25;-40362819.597702555
-140.75;57.25;-19796217.260919906
-139.25;57.25;-28276927.677630953
-121.75;57.25;-5912990.099826572
-144.25;57.25;32673.7924145496
-122.75;57.25;-8344002.0845636325
-112.75;57.25;-6594393.543605026
-143.75;57.25;-2460043.266666123
-116.75;57.25;-2946157.452356499
-111.75;57.25;-7211947.410367639
-120.25;57.25;-3467378.548775562
-135.75;57.25;-41494893.93132653
-144.75;57.25;2318479.00245442
-118.25;57.25;-2397036.835042941
-135.25;57.25;-42346306.892832085
-122.25;57.25;-7050974.333573856
-114.75;57.25;-4717858.410791797
-118.75;57.25;-2448303.405822508
-138.25;57.25;-33202285.204770125
-117.75;57.25;-2472255.0850659832
-120.75;57.25;-4119916.7298030015
-113.25;57.25;-6180665.0318397535
-115.25;57.25;-4217644.187149713
-117.25;57.25;-2660376.2755456516
-123.25;57.25;-9784531.15437122
-119.75;57.25;-2974986.0040489715
-114.25;57.25;-5224372.012261922
-139.75;57.25;-25563632.05784233
-133.75;57.25;-43215506.00462224
-142.25;57.25;-10843690.226757932
-137.25;57.25;-37283544.16297481
-134.25;57.25;-43203190.445528835
-130.25;57.25;-36590441.923210114
-142.75;57.25;-7934394.415311893
-125.25;57.25;-16790312.44487497
-131.25;57.25;-39521747.12583338
-132.25;57.25;-41694250.465046324
-134.75;57.25;-42915162.32721798
-129.75;57.25;-34892559.0147368
-127.75;57.25;-27085366.35965379
-126.25;57.25;-20820823.754261244
-137.75;57.25;-35359774.722525805
-133.25;57.25;-42960336.02798496
-125.75;57.25;-18776813.5401634
-141.75;57.25;-13816643.266775744
-129.25;57.25;-33069741.56858681
-127.25;57.25;-24997319.300634224
-140.25;57.25;-22725113.5306661
-110.25;57.25;-7424573.527145804
-124.75;57.25;-14880777.551110994
-128.75;57.25;-31145205.094637576
-128.25;57.25;-29142518.041704923
-131.75;57.25;-40712688.014103405
-136.75;57.25;-38955805.703073315
-124.25;57.25;-13066149.711678175
-141.25;57.25;-16813907.735068798
-123.75;57.25;-11362639.840095643
-126.75;57.25;-22901594.80304378
-132.75;57.25;-42448728.29362214
-130.75;57.25;-38140766.7400546
-123.25;57.75;-12001042.472456412
-136.25;57.75;-41455496.63778167
-119.25;57.75;-4358737.406951967
-117.75;57.75;-3821979.615190897
-121.75;57.75;-8027150.377918697
-133.25;57.75;-44407793.92691866
-139.25;57.75;-29298714.95574556
-142.25;57.75;-12124269.70944751
-119.75;57.75;-4798071.2773533715
-129.75;57.75;-36803229.72677778
-115.75;57.75;-4488691.3905938985
-111.25;57.75;-6938743.328749943
-125.25;57.75;-19019702.629937142
-139.75;57.75;-26609256.21359098
-137.75;57.75;-36371272.21907527
-110.25;57.75;-6857723.597500432
-131.75;57.75;-42370490.54568073
-143.75;57.75;-3918849.1830943944
-126.75;57.75;-25070318.58065571
-141.75;57.75;-15039294.517590083
-117.25;57.75;-3867820.822123029
-125.75;57.75;-20991803.827571306
-135.75;57.75;-42632449.172354765
-120.75;57.75;-6111942.188267844
-133.75;57.75;-44593717.5023157
-128.25;57.75;-31203025.553423945
-128.75;57.75;-33160155.72167857
-113.25;57.75;-6166031.1283966815
-116.75;57.75;-4004312.31730206
-127.25;57.75;-27134895.391779777
-124.75;57.75;-17118123.91267516
-122.25;57.75;-9209463.005112706
-114.25;57.75;-5498629.7807795005
-121.25;57.75;-6993945.15688188
-144.75;57.75;757161.6537705906
-129.25;57.75;-35034679.452184536
-132.75;57.75;-43966594.89211846
-116.25;57.75;-4216541.532268776
-130.75;57.75;-39931282.697561204
-134.75;57.75;-44163251.51253363
-127.75;57.75;-29186805.166589882
-115.25;57.75;-4804307.667671763
-143.25;57.75;-6528070.745518305
-118.25;57.75;-3880544.4202007772
-138.25;57.75;-34206745.9251549
-123.75;57.75;-13594213.510653203
-142.75;57.75;-9274954.8626904
-112.25;57.75;-6681634.464639537
-130.25;57.75;-38442854.33851074
-131.25;57.75;-41247194.43577551
-114.75;57.75;-5146579.358303361
-134.25;57.75;-44514525.441362895
-135.25;57.75;-43536055.04073654
-137.25;57.75;-38312417.88206827
-126.25;57.75;-23015458.286682054
-120.25;57.75;-5380855.249886597
-112.75;57.75;-6450011.674993217
-136.75;57.75;-40011963.09749282
-132.25;57.75;-43282567.58233389
-140.25;57.75;-23803853.124099776
-140.75;57.75;-20916368.720059104
-124.25;57.75;-15304437.718953647
-111.75;57.75;-6848207.724840784
-138.75;57.75;-31840755.03937337
-141.25;57.75;-17982522.95899036
-144.25;57.75;-1480352.7571278128
-122.75;57.75;-10536387.340756174
-110.75;57.75;-6944204.892773156
-118.75;57.75;-4055878.736231681
-113.75;57.75;-5843815.700423251
-127.25;58.25;-29069404.146519944
-118.25;58.25;-5191822.970746762
-111.75;58.25;-6430696.001026553
-114.25;58.25;-5663807.570613533
-140.75;58.25;-21935251.034005113
-117.25;58.25;-4913078.252166304
-125.25;58.25;-21063623.153168935
-135.25;58.25;-44497914.72600723
-117.75;58.25;-5003956.46782867
-127.75;58.25;-31079410.04103257
-136.75;58.25;-40867189.25024437
-118.75;58.25;-5487793.805840315
-128.25;58.25;-33048679.97779929
-132.75;58.25;-45235912.7617807
-121.25;58.25;-8872251.434162136
-131.75;58.25;-43780760.37196219
-140.25;58.25;-24768294.60561087
-137.75;58.25;-37204310.818788156
-112.75;58.25;-6230033.801728854
-121.75;58.25;-9961211.685169283
-143.25;58.25;-7885429.2403958915
-144.75;58.25;-785482.8743920948
-124.75;58.25;-19172594.595573228
-110.75;58.25;-6392680.817251485
-116.25;58.25;-4972232.773407832
-111.25;58.25;-6445596.321550674
-141.25;58.25;-19062611.720753316
-122.75;58.25;-12549419.96904239
-110.25;58.25;-6266093.0217746785
-124.25;58.25;-17361685.80424326
-132.25;58.25;-44622207.97942739
-144.25;58.25;-2967568.416113432
-138.75;58.25;-32695095.02752989
-130.25;58.25;-40057752.61619851
-115.25;58.25;-5261100.5360696
-142.75;58.25;-10562046.3874276
-131.25;58.25;-42727435.69601427
-113.75;58.25;-5871445.926284698
-126.25;58.25;-25017150.06269815
-120.25;58.25;-7113844.822019315
-123.25;58.25;-14038165.916264242
-137.25;58.25;-39151228.78117038
-130.75;58.25;-41479981.63921261
-114.75;58.25;-5455556.119266102
-123.75;58.25;-15645879.011885304
-119.75;58.25;-6441484.016614304
-138.25;58.25;-35044952.24374907
-126.75;58.25;-27041319.40322743
-112.25;58.25;-6355705.032045249
-133.75;58.25;-45727650.14873001
-134.25;58.25;-45585744.8727599
-115.75;58.25;-5095103.879176979
-143.75;58.25;-5343620.065970772
-139.75;58.25;-27527418.19759596
-122.25;58.25;-11188303.60423222
-129.75;58.25;-38481430.38154217
-120.75;58.25;-7923258.11355871
-136.25;58.25;-42337237.60488262
-129.25;58.25;-36772741.40058944
-119.25;58.25;-5901617.815738033
-141.75;58.25;-16185727.308797868
-128.75;58.25;-34954171.70035165
-135.75;58.25;-43550046.494183935
-116.75;58.25;-4906910.943319891
-133.25;58.25;-45608160.47467414
-134.75;58.25;-45176707.33616735
-139.25;58.25;-30179892.660423156
-125.75;58.25;-23017959.12153116
-142.25;58.25;-13340361.235291833
-113.25;58.25;-6064569.015895045
-144.75;58.75;-2302260.966984137
-126.75;58.75;-28813398.877636947
-112.25;58.75;-6037822.129059552
-127.25;58.75;-30798419.067358457
-119.75;58.75;-7940042.320008129
-132.75;58.75;-46249451.73023503
-141.25;58.75;-20046739.777813625
-120.25;58.75;-8697858.269941177
-110.75;58.75;-5881934.136843307
-139.75;58.75;-28311221.88279662
-119.25;58.75;-7304513.001504713
-126.25;58.75;-26826124.304563195
-118.75;58.75;-6785448.040626322
-138.75;58.75;-33389142.880013295
-136.25;58.75;-43001184.41214034
-132.25;58.75;-45705988.77912419
-134.75;58.75;-45948417.000195816
-137.75;58.75;-37852215.52829621
-142.25;58.75;-14484173.247250117
-120.75;58.75;-9582091.215855533
-125.75;58.75;-24857131.90447411
-114.25;58.75;-5786149.767669608
-113.25;58.75;-5946159.870150474
-130.75;58.75;-42780113.61198782
-144.25;58.75;-4421374.863870689
-135.75;58.75;-44240739.795338444
-128.75;58.75;-36522187.84528961
-116.75;58.75;-5707738.919659798
-123.25;58.75;-15908944.946985144
-122.25;58.75;-13006266.038650258
-124.75;58.75;-21049920.37378039
-110.25;58.75;-5724308.562469253
-131.25;58.75;-43955519.03659171
-129.25;58.75;-38278278.52072757
-114.75;58.75;-5708896.562811642
-116.25;58.75;-5636625.288257819
-133.25;58.75;-46554194.28167079
-115.25;58.75;-5649801.595989506
-139.25;58.75;-30913682.652911805
-141.75;58.75;-17248314.374726046
-130.25;58.75;-41428661.69048996
-142.75;58.75;-11787768.834558997
-129.75;58.75;-39921047.72712785
-115.75;58.75;-5621486.301289516
-113.75;58.75;-5869201.094685498
-122.75;58.75;-14398933.477894168
-111.25;58.75;-5983155.787397151
-143.75;58.75;-6726522.962913222
-117.25;58.75;-5846987.061819538
-124.25;58.75;-19245871.51246998
-143.25;58.75;-9191580.97014186
-118.25;58.75;-6375498.040980019
-140.75;58.75;-22845628.166996844
-140.25;58.75;-25611386.100863095
-123.75;58.75;-17528055.68524177
-137.25;58.75;-39793263.06939642
-127.75;58.75;-32759710.40854199
-111.75;58.75;-6032934.086744654
-136.75;58.75;-41514706.43908425
-112.75;58.75;-6005811.710745014
-125.25;58.75;-22925761.664392136
-138.25;58.75;-35710234.98604204
-131.75;58.75;-44936404.65650208
-121.75;58.75;-11737004.526871882
-117.75;58.75;-6065964.4171394
-121.25;58.75;-10595031.841537394
-134.25;58.75;-46409671.169257194
-128.25;58.75;-34675136.530097194
-135.25;58.75;-45224852.46596616
-133.75;58.75;-46610081.793286346
-130.25;59.25;-42559106.47944524
-141.75;59.25;-18224205.69384066
-110.75;59.25;-5488523.480230296
-112.25;59.25;-5803707.8611602895
-119.75;59.25;-9336822.451938653
-126.75;59.25;-30395205.679579634
-137.25;59.25;-40239730.21936705
-115.25;59.25;-6037803.269614208
-131.25;59.25;-44934445.398766905
-110.25;59.25;-5308652.026736776
-134.25;59.25;-46988514.70471765
-130.75;59.25;-43834911.5479395
-114.75;59.25;-5975929.887366966
-114.25;59.25;-5936717.118965494
-143.75;59.25;-8063316.649658538
-116.25;59.25;-6272669.539776937
-132.25;59.25;-46536573.40721487
-144.75;59.25;-3789065.2960251155
-140.75;59.25;-23645720.858005077
-112.75;59.25;-5852262.418481481
-118.75;59.25;-7998059.96577238
-118.25;59.25;-7483763.977152362
-127.75;59.25;-34234168.85149153
-137.75;59.25;-38315907.62520877
-136.75;59.25;-41955967.48587278
-138.75;59.25;-33923095.159876265
-128.25;59.25;-36088014.63726941
-131.75;59.25;-45840238.526689686
-117.25;59.25;-6727388.203752166
-135.75;59.25;-44706356.96869207
-113.25;59.25;-5884668.699908401
-128.75;59.25;-37869125.929392785
-139.75;59.25;-28959945.023962233
-116.75;59.25;-6467267.903620797
-136.25;59.25;-43448993.89740826
-119.25;59.25;-8613593.915805684
-129.25;59.25;-39555642.89126029
-142.25;59.25;-15552372.012662401
-139.25;59.25;-31499844.39776093
-129.75;59.25;-41125974.125346065
-115.75;59.25;-6133100.650338615
-113.75;59.25;-5909657.379521079
-144.25;59.25;-5837506.341225893
-117.75;59.25;-7063078.958755473
-127.25;59.25;-32329407.714850873
-124.75;59.25;-22765413.14366002
-122.75;59.25;-16109946.398900684
-120.25;59.25;-10172856.120136091
-126.25;59.25;-28452398.504906107
-125.75;59.25;-26520904.35420048
-123.25;59.25;-17635720.39234753
-138.25;59.25;-36203178.38380825
-133.75;59.25;-47243328.72927034
-121.75;59.25;-13385288.612749916
-133.25;59.25;-47248317.680008724
-141.25;59.25;-20932583.751269665
-120.75;59.25;-11125292.310518706
-135.25;59.25;-45718840.96681048
-134.75;59.25;-46480478.509349115
-142.75;59.25;-12948375.734007921
-122.25;59.25;-14691182.856830003
-124.25;59.25;-20974467.3075084
-111.75;59.25;-5731192.3379548015
-123.75;59.25;-19260563.34087713
-143.25;59.25;-10442467.144502845
-125.25;59.25;-24619465.147286706
-111.25;59.25;-5627973.907737383
-140.25;59.25;-26331887.997137096
-121.25;59.25;-12196061.091851372
-132.75;59.25;-47009747.2582508
-124.25;59.75;-22573785.63001763
-111.75;59.75;-5601693.677148666
-121.25;59.75;-13716621.206981108
-139.75;59.75;-29479976.013017416
-111.25;59.75;-5456182.7041656785
-130.25;59.75;-43462985.5473847
-120.75;59.75;-12596947.750076067
-117.75;59.75;-8055601.712566785
-136.25;59.75;-43691786.963633046
-130.75;59.75;-44658038.3430985
-115.75;59.75;-6698737.32636258
-129.75;59.75;-42110404.80782036
-125.25;59.75;-26167271.740635995
-144.75;59.75;-5245173.366877851
-127.75;59.75;-35519151.78240818
-121.75;59.75;-14944586.895220011
-141.25;59.75;-21723769.601954397
-118.75;59.75;-9180819.705813482
-143.25;59.75;-11638482.56761164
-140.25;59.75;-26935284.325390916
-137.75;59.75;-38604880.88695714
-132.75;59.75;-47529801.60412524
-140.75;59.75;-24340085.43710338
-144.25;59.75;-7215434.7503135735
-136.75;59.75;-42201619.05967461
-113.75;59.75;-6067071.555845085
-131.25;59.75;-45677685.537623644
-141.75;59.75;-19116118.267182443
-122.75;59.75;-17715708.985937357
-125.75;59.75;-28030210.68622642
-115.25;59.75;-6495570.096766814
-127.25;59.75;-33679617.100240245
-118.25;59.75;-8574423.502875704
-143.75;59.75;-9353853.422365416
-133.75;59.75;-47640044.7342181
-123.25;59.75;-19249279.30193346
-119.25;59.75;-9881347.091561513
-112.75;59.75;-5845083.485145854
-139.25;59.75;-31945630.447102465
-134.25;59.75;-47334713.683869004
-138.25;59.75;-36532594.94318087
-116.25;59.75;-6947290.591073311
-133.25;59.75;-47703369.484261796
-126.25;59.75;-29915493.74218225
-120.25;59.75;-11585745.81250709
-117.25;59.75;-7616948.147149849
-137.25;59.75;-40500735.30626926
-114.75;59.75;-6328594.548288646
-119.75;59.75;-10681541.191231688
-124.75;59.75;-24343405.412072133
-126.75;59.75;-31805034.507030174
-129.25;59.75;-40619405.91028902
-135.75;59.75;-44958429.70677512
-123.75;59.75;-20871870.514385737
-132.25;59.75;-47127116.05182137
-128.75;59.75;-39010032.06458338
-113.25;59.75;-5955184.884329779
-142.75;59.75;-14044939.497282853
-131.75;59.75;-46505568.0187025
-112.25;59.75;-5729439.038927007
-142.25;59.75;-16546813.799733067
-114.25;59.75;-6188714.267024979
-128.25;59.75;-37302952.66649292
-138.75;59.75;-34305015.472524986
-134.75;59.75;-46785075.93698227
-110.25;59.75;-5094349.850423323
-135.25;59.75;-45991764.33627237
-122.25;59.75;-16278890.984136712
-110.75;59.75;-5288249.574870159
-116.75;59.75;-7250377.306400346
-122.25;60.25;-17812428.61224318
-139.25;60.25;-32266418.439568568
-124.25;60.25;-24078475.376344513
-141.25;60.25;-22430433.61549626
-131.75;60.25;-46956556.6023066
-128.75;60.25;-39970142.301835336
-141.75;60.25;-19932863.45991241
-118.25;60.25;-9709426.080612727
-116.75;60.25;-8124676.522579116
-127.75;60.25;-36640878.497913375
-136.75;60.25;-42272122.71586113
-144.75;60.25;-6673402.544300267
-113.25;60.25;-6232085.877155728
-129.75;60.25;-42899013.30948771
-128.25;60.25;-38345615.98903628
-113.75;60.25;-6415454.003478926
-110.25;60.25;-5153811.175691427
-117.75;60.25;-9107522.263106864
-142.75;60.25;-15083788.356131399
-144.25;60.25;-8558608.010386096
-115.75;60.25;-7388921.740374589
-111.75;60.25;-5718714.117745009
-143.25;60.25;-12784854.988031194
-135.25;60.25;-46065995.81325634
-136.25;60.25;-43750758.03923831
-121.75;60.25;-16460302.302453307
-116.25;60.25;-7729649.085576944
-122.75;60.25;-19256978.266682483
-117.25;60.25;-8581548.363289988
-124.75;60.25;-25816816.34318248
-137.75;60.25;-38737837.07312448
-135.75;60.25;-45018788.542832546
-129.25;60.25;-41494479.766813524
-139.75;60.25;-29885436.392106924
-133.25;60.25;-47943082.215689406
-125.25;60.25;-27600544.452765495
-112.75;60.25;-6058818.010732184
-123.75;60.25;-22398519.319574714
-134.75;60.25;-46885036.8466117
-120.75;60.25;-14047331.115544388
-118.75;60.25;-10393507.096162185
-140.75;60.25;-24940201.469729383
-130.75;60.25;-45273863.353877656
-140.25;60.25;-27434390.69944045
-110.75;60.25;-5354336.229361101
-120.25;60.25;-12989249.440723617
-119.75;60.25;-12029339.48411264
-123.25;60.25;-20788206.00414388
-125.75;60.25;-29415036.81330332
-137.25;60.25;-40595908.760460675
-127.25;60.25;-34875962.37970849
-126.25;60.25;-31244198.733716004
-132.25;60.25;-47501668.471515894
-132.75;60.25;-47833527.55459802
-112.25;60.25;-5889524.373458245
-134.25;60.25;-47471468.12742851
-115.25;60.25;-7094798.648047261
-138.75;60.25;-34551471.45408236
-114.75;60.25;-6839559.908585616
-114.25;60.25;-6615582.235385827
-133.75;60.25;-47823728.35835903
-121.25;60.25;-15204536.382727414
-119.25;60.25;-11165274.812542273
-130.25;60.25;-44164798.31115469
-111.25;60.25;-5541629.148141508
-143.75;60.25;-10602392.27004874
-142.25;60.25;-17475031.02820593
-126.75;60.25;-33070653.115253717
-138.25;60.25;-36716163.44941364
-131.25;60.25;-46209503.04214026
-142.25;60.75;-18350525.048280742
-132.25;60.75;-47695550.582939774
-142.75;60.75;-16076769.918952258
-144.25;60.75;-9874589.051171565
-136.75;60.75;-42198130.65227529
-131.25;60.75;-46565310.91280385
-116.25;60.75;-8690490.3455049
-113.75;60.75;-7027908.814961636
-135.75;60.75;-44919939.82839604
-140.75;60.75;-25464820.600431044
-112.75;60.75;-6566245.350524162
-126.25;60.75;-32476725.215799376
-138.75;60.75;-34687907.67713549
-122.25;60.75;-19341878.254123256
-134.75;60.75;-46814210.76426215
-116.75;60.75;-9159876.459893988
-114.25;60.75;-7290325.3011863
-134.25;60.75;-47433118.70480539
-126.75;60.75;-34229487.3549925
-128.75;60.75;-40785165.658569776
-131.75;60.75;-47228589.78235061
-139.25;60.75;-32486081.394116707
-112.25;60.75;-6356332.7113138465
-129.25;60.75;-42216419.668083414
-113.25;60.75;-6788398.558748339
-137.25;60.75;-40554781.745158054
-120.25;60.75;-14441554.066088952
-124.75;60.75;-27227205.579169344
-140.25;60.75;-27849713.25697458
-119.75;60.75;-13440384.91475295
-117.25;60.75;-9689685.004396101
-135.25;60.75;-45974775.53673098
-133.25;60.75;-48002459.388619356
-123.75;60.75;-23885100.888495676
-132.75;60.75;-47956123.15693001
-141.25;60.75;-23069557.279757258
-127.25;60.75;-35955239.49446712
-141.75;60.75;-20689663.387450457
-122.75;60.75;-20781906.98018043
-125.75;60.75;-30714543.990262605
-121.75;60.75;-17984513.54299624
-123.25;60.75;-22298815.246711064
-121.25;60.75;-16713920.578217864
-111.25;60.75;-5955402.694435609
-128.25;60.75;-39251958.64402744
-137.75;60.75;-38743060.91208861
-118.25;60.75;-10954338.452633906
-133.75;60.75;-47829101.47059064
-110.75;60.75;-5757019.37236185
-143.25;60.75;-13891873.43127997
-118.75;60.75;-11700003.525461208
-124.25;60.75;-25531537.590737246
-143.75;60.75;-11817785.725116398
-136.25;60.75;-43657551.35705869
-110.25;60.75;-5556286.009730624
-138.25;60.75;-36780803.26516869
-125.25;60.75;-28959560.962846104
-129.75;60.75;-43527270.67839465
-114.75;60.75;-7581547.69781302
-144.75;60.75;-8080194.840572994
-130.25;60.75;-44699978.9727568
-119.25;60.75;-12527451.18223675
-115.75;60.75;-8275247.270191249
-117.75;60.75;-10285951.071009196
-115.25;60.75;-7907741.12634509
-120.75;60.75;-15532602.117711214
-111.75;60.75;-6154056.639583059
-130.75;60.75;-45717808.77733155
-139.75;60.75;-30198546.713569995
-127.75;60.75;-37635659.367067374
-134.25;61.25;-47265554.670485824
-130.25;61.25;-45115591.81753471
-124.25;61.25;-26985192.71677203
-111.25;61.25;-6767147.256316482
-141.75;61.25;-21408352.80298518
-131.75;61.25;-47368866.26432861
-139.25;61.25;-32637208.95300721
-131.25;61.25;-46792299.024221085
-116.75;61.25;-10428588.619095733
-114.75;61.25;-8628240.70571164
-115.25;61.25;-9008078.033801315
-140.75;61.25;-25940177.485190246
-113.75;61.25;-7977631.777174022
-122.75;61.25;-22346890.14638202
-142.75;61.25;-17041436.13540437
-138.25;61.25;-36762908.518726885
-144.25;61.25;-11175192.497010812
-130.75;61.25;-46037011.97594387
-129.25;61.25;-42832177.96425769
-116.25;61.25;-9902962.340002919
-123.75;61.25;-25385117.81039926
-133.25;61.25;-47928254.6429191
-124.75;61.25;-28625642.798515067
-123.25;61.25;-23836007.619279843
-137.25;61.25;-40417043.778900355
-114.25;61.25;-8286461.495965571
-133.75;61.25;-47702552.02730073
-115.75;61.25;-9431217.706347657
-129.75;61.25;-44042171.47681954
-138.75;61.25;-34748872.31527378
-119.75;61.25;-14980655.013750963
-127.75;61.25;-38550716.76350457
-120.25;61.25;-16007103.789760271
-117.25;61.25;-11013254.438063044
-143.25;61.25;-14975060.462275593
-122.25;61.25;-20925203.05799081
-118.25;61.25;-12379117.67543522
-135.25;61.25;-45762555.68038047
-141.25;61.25;-23665174.378184903
-126.25;61.25;-33661567.26124703
-110.75;61.25;-6564934.685772619
-120.75;61.25;-17115609.004969504
-121.75;61.25;-19576800.260532588
-144.75;61.25;-9475730.36513895
-137.75;61.25;-38658664.46431846
-132.25;61.25;-47755904.41505624
-136.75;61.25;-42020759.970416196
-119.25;61.25;-14035298.908687776
-110.25;61.25;-6369331.796231271
-135.75;61.25;-44705383.83613697
-136.25;61.25;-43454555.37896358
-111.75;61.25;-6978291.250029304
-117.75;61.25;-11661896.466985771
-140.25;61.25;-28209662.748719253
-142.25;61.25;-19192960.8322007
-128.25;61.25;-40069025.07692066
-143.75;61.25;-13013636.109481558
-113.25;61.25;-7696850.190819794
-139.75;61.25;-30449843.824078143
-112.25;61.25;-7201265.361114471
-127.25;61.25;-36964962.10957217
-118.75;61.25;-13169065.089505946
-125.25;61.25;-30294382.740300342
-125.75;61.25;-31977934.56461889
-112.75;61.25;-7439490.287083324
-126.75;61.25;-35329470.90268421
-132.75;61.25;-47944588.123789586
-121.25;61.25;-18305991.166050084
-134.75;61.25;-46617844.39791799
-128.75;61.25;-41502063.54786459
-119.25;61.75;-15763827.463528289
-115.75;61.75;-10934843.506683776
-118.75;61.75;-14876598.439856172
-134.25;61.75;-47026823.27982819
-125.75;61.75;-33266279.958123565
-117.75;61.75;-13312628.326372541
-122.75;61.75;-24018601.71524483
-133.75;61.75;-47502816.57380936
-120.75;61.75;-18868032.362242747
-110.25;61.75;-7662327.430173176
-115.25;61.75;-10473584.51910849
-137.75;61.75;-38532848.36991685
-111.25;61.75;-8048399.94683965
-127.75;61.75;-39445798.440057285
-130.75;61.75;-46291496.66873934
-130.25;61.75;-45471583.61182634
-141.75;61.75;-22117585.79083725
-132.75;61.75;-47858563.423067264
-125.25;61.75;-31666725.985226545
-112.75;61.75;-8753095.307552828
-138.25;61.75;-36708585.87136825
-140.75;61.75;-26400188.36438405
-118.25;61.75;-14060428.673849061
-143.75;61.75;-14208530.260596378
-124.25;61.75;-28502826.299812343
-121.25;61.75;-20051185.36999518
-121.75;61.75;-21306332.977334544
-127.25;61.75;-37965035.26309297
-142.25;61.75;-20028380.04660783
-122.25;61.75;-22630310.39375681
-129.75;61.75;-44503565.118572384
-120.25;61.75;-17758772.50275491
-117.25;61.75;-12629967.745014686
-124.75;61.75;-30074617.77366463
-139.75;61.75;-30678382.052368622
-138.75;61.75;-34778237.45415338
-113.25;61.75;-9032853.899090724
-143.25;61.75;-16055399.746415563
-114.25;61.75;-9680841.723995214
-129.25;61.75;-43401511.52438589
-137.25;61.75;-40232833.91070549
-112.25;61.75;-8497916.666757412
-119.75;61.75;-16724141.245156404
-141.25;61.75;-24248572.633988958
-126.75;61.75;-36430774.74722164
-136.25;61.75;-43195274.09963762
-139.25;61.75;-32761315.71322479
-123.75;61.75;-26962962.4552041
-131.75;61.75;-47437402.95662305
-128.75;61.75;-42180529.765616454
-131.25;61.75;-46950522.577036776
-134.75;61.75;-46353122.73945141
-116.75;61.75;-12008795.28634162
-133.25;61.75;-47779731.27250933
-110.75;61.75;-7848544.71826594
-135.25;61.75;-45485478.73423462
-123.25;61.75;-25465277.996338505
-144.75;61.75;-10874174.39006527
-132.25;61.75;-47742615.84387324
-114.75;61.75;-10057023.554776633
-142.75;61.75;-18001263.494584676
-111.75;61.75;-8264004.62749806
-140.25;61.75;-28550752.716698717
-136.75;61.75;-41791920.50035236
-144.25;61.75;-12476725.995318608
-113.75;61.75;-9340811.253126495
-135.75;61.75;-44430036.30000218
-128.25;61.75;-40856498.894560814
-126.25;61.75;-34859282.17536071
-116.25;61.75;-11445146.48905393
-125.75;62.25;-34655370.33999788
-131.25;62.25;-47114540.145520814
-141.75;62.25;-22853160.515921637
-120.75;62.25;-20873927.22418073
-132.75;62.25;-47771595.47234434
-123.75;62.25;-28697069.01429732
-132.25;62.25;-47729701.26553996
-136.75;62.25;-41574821.647517644
-140.75;62.25;-26886756.448838547
-114.75;62.25;-11953597.119553499
-119.75;62.25;-18756529.453064118
-137.25;62.25;-40063191.871719025
-120.25;62.25;-19781473.746370465
-130.75;62.25;-46555937.45978058
-138.75;62.25;-34829539.22790765
-119.25;62.25;-17799387.575668663
-114.25;62.25;-11558377.248976007
-134.75;62.25;-46089992.580928504
-112.25;62.25;-10327255.304460028
-126.25;62.25;-36145253.3980373
-143.75;62.25;-15426450.167002704
-126.75;62.25;-37608478.135427825
-127.25;62.25;-39030329.04028989
-125.25;62.25;-33152893.15299096
-133.75;62.25;-47302011.993039355
-140.25;62.25;-28917903.32825882
-110.25;62.25;-9512059.655050498
-123.25;62.25;-27265934.747087087
-144.25;62.25;-13800428.93027937
-113.75;62.25;-11201469.893785309
-116.25;62.25;-13404348.165392367
-144.75;62.25;-12294145.822083864
-135.25;62.25;-45212108.40459315
-117.25;62.25;-14627444.249399599
-124.75;62.25;-31651049.219388284
-129.75;62.25;-44986169.363996826
-128.75;62.25;-42895241.37951484
-111.75;62.25;-10091089.995598398
-129.25;62.25;-43999115.77975221
-139.75;62.25;-30932041.850625206
-141.25;62.25;-24858606.29777129
-136.25;62.25;-42944899.195733756
-131.75;62.25;-47508546.66977906
-139.25;62.25;-32909161.74253335
-133.25;62.25;-47629807.71499778
-116.75;62.25;-13988039.350626156
-122.25;62.25;-24538400.330782965
-143.25;62.25;-17159720.749305338
-128.25;62.25;-41689066.26682385
-142.75;62.25;-18986014.413794737
-130.25;62.25;-45842673.622984946
-111.25;62.25;-9877985.380398294
-115.25;62.25;-12390633.77479467
-118.75;62.25;-16909493.297349628
-121.25;62.25;-22032636.758315608
-112.75;62.25;-10589090.281252239
-124.25;62.25;-30162071.1382571
-142.25;62.25;-20889542.271406326
-127.75;62.25;-40395648.63270675
-110.75;62.25;-9685632.376892535
-134.25;62.25;-46788053.87734381
-118.25;62.25;-16085559.131127585
-121.75;62.25;-23255285.3164011
-138.25;62.25;-36674022.63752081
-113.25;62.25;-10879464.79488507
-117.75;62.25;-15325679.934682708
-135.75;62.25;-44160875.35463903
-137.75;62.25;-38424306.84049626
-115.75;62.25;-12873037.000419794
-122.75;62.25;-25877278.985870738
-144.75;62.75;-13759453.94862746
-111.25;62.75;-12349223.66241284
-132.75;62.75;-47772803.42355616
-133.25;62.75;-47566578.92726193
-133.75;62.75;-47187017.57563077
-132.25;62.75;-47807126.09619137
-131.75;62.75;-47672947.7809026
-111.75;62.75;-12553838.664278083
-139.75;62.75;-31268024.67901698
-136.25;62.75;-42781131.46029127
-140.75;62.75;-27450263.06319444
-114.25;62.75;-14018456.686442664
-113.25;62.75;-13334079.523337143
-113.75;62.75;-13658024.09417498
-112.25;62.75;-12784591.310666895
-134.25;62.75;-46634708.46533789
-112.75;62.75;-13043828.341665942
-141.25;62.75;-25542197.35904711
-128.75;62.75;-43738772.553850405
-120.75;62.75;-23234489.342744645
-125.25;62.75;-34847612.86975559
-121.25;62.75;-24350839.67771762
-115.75;62.75;-15347600.439223222
-129.75;62.75;-45582177.11360378
-125.75;62.75;-36239438.00114177
-144.25;62.75;-15173161.859468685
-138.75;62.75;-34966512.68362374
-126.25;62.75;-37613292.26697413
-120.25;62.75;-22177031.335677154
-126.75;62.75;-38956043.373904414
-119.75;62.75;-21180178.04381755
-116.25;62.75;-15882944.913316222
-129.25;62.75;-44717386.70103958
-110.25;62.75;-12010134.260509267
-121.75;62.75;-25523398.347922053
-134.75;62.75;-45912290.45448213
-119.25;62.75;-20244760.735715654
-143.75;62.75;-16697418.711394273
-118.75;62.75;-19370827.461808797
-131.25;62.75;-47375545.07935381
-116.75;62.75;-16469135.744730536
-139.25;62.75;-33141262.602305423
-142.25;62.75;-21816466.98116342
-127.75;62.75;-41493212.603978515
-140.25;62.75;-29364930.188515447
-118.25;62.75;-18557744.447725896
-117.25;62.75;-17108789.879001047
-135.75;62.75;-43977854.28309334
-137.75;62.75;-38402843.56497175
-117.75;62.75;-17804297.427572962
-127.25;62.75;-40254020.948587105
-142.75;62.75;-20032308.699515563
-128.25;62.75;-42659477.47716056
-122.75;62.75;-28021088.59344916
-143.25;62.75;-18321304.97011629
-130.75;62.75;-46921950.19290057
-114.75;62.75;-14418252.001166528
-124.25;62.75;-32058866.93637691
-135.25;62.75;-45024444.70554109
-110.75;62.75;-12168615.909640323
-124.75;62.75;-33450236.612218782
-123.25;62.75;-29335365.663354877
-136.75;62.75;-41444713.866432235
-141.75;62.75;-23658537.589770127
-122.25;62.75;-26748430.797637478
-138.25;62.75;-36726056.77738423
-137.25;62.75;-39980731.06204558
-123.75;62.75;-30684077.598038018
-130.25;62.75;-46320802.841685936
-115.25;62.75;-14860327.162755229
-143.75;63.25;-18058376.946623065
-123.75;63.25;-33043602.130645033
-128.25;63.25;-43881982.24235523
-132.25;63.25;-48082863.62214875
-137.75;63.25;-38550171.64830557
-118.75;63.25;-22385987.171490222
-135.75;63.25;-43975005.67833227
-112.75;63.25;-16236048.706700895
-111.25;63.25;-15578394.957388358
-142.25;63.25;-22857182.959570672
-119.25;63.25;-23225131.970811732
-127.75;63.25;-42853237.069788724
-123.25;63.25;-31793936.896032818
-136.75;63.25;-41489816.46273585
-118.25;63.25;-21602439.894562557
-124.25;63.25;-34312095.17828479
-142.75;63.25;-21184409.392373033
-127.25;63.25;-41751357.28082203
-143.25;63.25;-19580714.584913634
-121.75;63.25;-28233268.990317866
-125.25;63.25;-36868399.9492717
-111.75;63.25;-15769281.554833097
-133.25;63.25;-47695058.18513463
-121.25;63.25;-27129069.052530933
-125.75;63.25;-38135374.350721516
-122.25;63.25;-29382275.926358666
-117.75;63.25;-20873867.87315154
-120.75;63.25;-26073608.494794413
-132.75;63.25;-47968776.16963157
-138.75;63.25;-35263810.87780933
-112.25;63.25;-15987783.13523511
-126.25;63.25;-39379707.694058135
-124.75;63.25;-35590359.32186442
-120.25;63.25;-25069868.971371017
-126.75;63.25;-40589233.64880141
-135.25;63.25;-45019134.22500063
-141.25;63.25;-26355033.335471753
-133.75;63.25;-47261069.48939521
-119.75;63.25;-24119947.27334808
-122.75;63.25;-30571155.31467458
-134.75;63.25;-45919070.43560323
-138.25;63.25;-36942930.71576573
-131.25;63.25;-47843762.63708434
-110.75;63.25;-15413123.477656476
-144.25;63.25;-16628337.702836482
-140.25;63.25;-29955222.522297762
-115.75;63.25;-18482310.81821092
-129.75;63.25;-46404177.280068114
-129.25;63.25;-45669515.571096584
-113.75;63.25;-16831035.822668403
-116.75;63.25;-19576922.519293964
-136.25;63.25;-42795190.728885055
-114.75;63.25;-17573290.317233596
-131.75;63.25;-48039786.24570811
-130.75;63.25;-47500662.80587163
-144.75;63.25;-15300088.226483667
-134.25;63.25;-46668037.84678936
-116.25;63.25;-19005303.455249686
-139.75;63.25;-31753534.85154563
-110.25;63.25;-15271646.100585042
-114.25;63.25;-17182534.399996027
-139.25;63.25;-33528584.635917284
-130.25;63.25;-47017879.83254985
-115.25;63.25;-18005747.696593482
-117.25;63.25;-20199185.043358512
-128.75;63.25;-44824861.09024539
-113.25;63.25;-16516346.781391198
-141.75;63.25;-24585559.95275547
-140.75;63.25;-28150251.34135761
-137.25;63.25;-40070496.39550818
-142.75;63.75;-22495140.893196374
-137.25;63.75;-40430847.21857775
-112.25;63.75;-20085804.729258392
-110.25;63.75;-19444198.070336964
-122.75;63.75;-33676578.23150085
-121.75;63.75;-31535669.93789755
-130.25;63.75;-48068372.938722424
-120.25;63.75;-28612801.371320907
-133.75;63.75;-47645276.13433404
-126.75;63.75;-42649890.93509061
-139.75;63.75;-32466545.05687438
-111.75;63.75;-19885891.852172967
-144.75;63.75;-16953368.05514999
-141.25;63.75;-27362375.12196873
-116.25;63.75;-22924970.97490497
-138.25;63.75;-37415096.04420977
-125.25;63.75;-39359811.39899721
-136.25;63.75;-43092822.349009246
-115.75;63.75;-22430295.999229327
-122.25;63.75;-32589893.464985993
-121.25;63.75;-30518854.732051566
-124.75;63.75;-38216887.19584997
-125.75;63.75;-40486829.114364795
-129.75;63.75;-47587917.8201765
-141.75;63.75;-25695290.551169664
-115.25;63.75;-21979520.319155507
-120.75;63.75;-29543499.73290225
-138.75;63.75;-35807786.58134334
-113.75;63.75;-20871307.15198009
-133.25;63.75;-48138825.538999766
-132.75;63.75;-48485362.61930921
-126.25;63.75;-41587246.04429904
-119.75;63.75;-27729153.61957611
-132.25;63.75;-48684834.80060278
-143.25;63.75;-20986760.324628722
-116.75;63.75;-23465267.779547695
-112.75;63.75;-20315296.023907218
-137.75;63.75;-38960751.90961727
-110.75;63.75;-19566923.398161538
-118.75;63.75;-26108958.884734746
-136.75;63.75;-41812256.49505696
-113.25;63.75;-20576428.544021312
-139.25;63.75;-34153313.787643604
-142.25;63.75;-24068602.88135745
-140.75;63.75;-29056211.7809995
-135.75;63.75;-44261527.14924958
-114.25;63.75;-21202051.52589548
-111.25;63.75;-19713563.75917276
-127.75;63.75;-44615716.45294044
-123.25;63.75;-34789858.46725389
-117.25;63.75;-24052708.72243611
-131.25;63.75;-48650707.48289138
-124.25;63.75;-37068142.46888947
-127.25;63.75;-43663266.421820045
-140.25;63.75;-30762514.449669983
-143.75;63.75;-19554207.490515217
-144.25;63.75;-18207005.944969736
-117.75;63.75;-24688562.83086065
-130.75;63.75;-48425138.64514957
-128.75;63.75;-46291514.798096836
-114.75;63.75;-21570768.107472476
-134.25;63.75;-47006473.48974785
-118.25;63.75;-25373786.590084106
-119.25;63.75;-26894211.06788049
-135.25;63.75;-45308646.66468037
-123.75;63.75;-35922945.136537
-128.25;63.75;-45495606.8142878
-129.25;63.75;-46992423.723497085
-134.75;63.75;-46225882.8739601
-131.75;63.75;-48738867.527715646
-131.25;64.25;-49950733.61477719
-115.25;64.25;-26970556.022925984
-114.75;64.25;-26599420.03770686
-133.25;64.25;-49041117.14508392
-122.25;64.25;-36553578.25427952
-111.25;64.25;-24942531.118493207
-124.75;64.25;-41506052.941387475
-136.25;64.25;-43794970.82173952
-140.25;64.25;-31871538.076465134
-110.75;64.25;-24817968.89082232
-143.25;64.25;-22597429.792355116
-124.25;64.25;-40504526.87477674
-122.75;64.25;-37518524.99286084
-141.75;64.25;-27058778.600873
-135.25;64.25;-46022046.405657716
-141.25;64.25;-28639779.674488835
-133.75;64.25;-48479613.30030784
-130.75;64.25;-49852058.70010997
-123.25;64.25;-38503121.194178544
-114.25;64.25;-26265536.149072234
-117.75;64.25;-29437150.559287604
-138.25;64.25;-38245809.34583395
-119.25;64.25;-31439498.302246146
-144.25;64.25;-19958912.17653015
-140.75;64.25;-30248267.082218125
-134.75;64.25;-46965610.35742517
-116.75;64.25;-28323255.69253444
-112.75;64.25;-25469499.954301693
-129.25;64.25;-48848869.12071002
-118.75;64.25;-30727774.530050263
-110.25;64.25;-24716019.909412872
-127.75;64.25;-46948448.208796784
-139.25;64.25;-35109465.161773995
-117.25;64.25;-28858337.078584276
-132.25;64.25;-49762212.52376244
-118.25;64.25;-30060239.05529385
-135.75;64.25;-44962498.79418039
-134.25;64.25;-47786538.10183579
-142.25;64.25;-25517338.56845918
-113.25;64.25;-25702429.383271404
-137.75;64.25;-39742394.284318134
-128.25;64.25;-47666558.1594298
-123.75;64.25;-39500878.81545
-131.75;64.25;-49922046.24946304
-127.25;64.25;-46159066.202132486
-136.75;64.25;-42528708.669141464
-143.75;64.25;-21238726.341034982
-142.75;64.25;-24026758.33084115
-137.25;64.25;-41174073.25198195
-130.25;64.25;-49631129.96970525
-121.75;64.25;-35613964.607115135
-125.25;64.25;-42496765.3360204
-115.75;64.25;-27380594.629637767
-121.25;64.25;-34704560.50469926
-138.75;64.25;-36697090.994537905
-125.75;64.25;-43467376.07160506
-111.75;64.25;-25091427.767854996
-129.75;64.25;-49294267.15012532
-128.75;64.25;-48303265.892840795
-132.75;64.25;-49468864.275982276
-113.75;64.25;-25967149.199001193
-126.25;64.25;-44408103.870223485
-112.25;64.25;-25266463.525494106
-139.75;64.25;-33496424.205179006
-144.75;64.25;-18765073.89957289
-120.25;64.25;-32991950.28725999
-126.75;64.25;-45308795.89873018
-119.75;64.25;-32194659.054335747
-116.25;64.25;-27831048.58747571
-120.75;64.25;-33829449.35319955
-110.75;64.75;-31400024.43431652
-127.75;64.75;-50047824.08427797
-111.75;64.75;-31618407.053663436
-130.25;64.75;-51889679.58654291
-130.75;64.75;-51961943.16674752
-131.25;64.75;-51921183.335607864
-131.75;64.75;-51763310.27225221
-132.25;64.75;-51485448.929427326
-132.75;64.75;-51086014.251183905
-133.25;64.75;-50564764.7162664
-133.75;64.75;-49922832.95058955
-134.25;64.75;-49162732.692073084
-134.75;64.75;-48288341.93213604
-135.25;64.75;-47304862.58587506
-135.75;64.75;-46218757.544931434
-136.25;64.75;-45037666.43306131
-136.75;64.75;-43770301.80644926
-129.75;64.75;-51709602.07680596
-137.25;64.75;-42426327.91289668
-138.25;64.75;-39551137.960132405
-138.75;64.75;-38042723.9255456
-139.25;64.75;-36502982.32552326
-139.75;64.75;-34944090.05793629
-140.25;64.75;-33378233.206524793
-140.75;64.75;-31817442.32177343
-141.25;64.75;-30273433.723559774
-141.75;64.75;-28757459.68583923
-142.25;64.75;-27280170.148899518
-142.75;64.75;-25851488.33293611
-143.25;64.75;-24480502.300961465
-143.75;64.75;-23175374.14408571
-144.25;64.75;-21943268.044652987
-144.75;64.75;-20790298.021314617
-137.75;64.75;-41016224.44205171
-129.25;64.75;-51427927.04027808
-128.75;64.75;-51051750.13751203
-128.25;64.75;-50588906.77272028
-112.25;64.75;-31761775.448230635
-112.75;64.75;-31930236.887319565
-113.25;64.75;-32125532.61322422
-113.75;64.75;-32349381.960580423
-114.25;64.75;-32603457.619059138
-114.75;64.75;-32889360.481950145
-115.25;64.75;-33208593.427393015
-115.75;64.75;-33562533.31508145
-116.25;64.75;-33952400.49148336
-116.75;64.75;-34379225.18563794
-117.25;64.75;-34843810.34473969
-117.75;64.75;-35346690.69785725
-118.25;64.75;-35888088.13594815
-118.75;64.75;-36467863.840903446
-119.25;64.75;-37085467.9661168
-119.75;64.75;-37739888.04389491
-120.25;64.75;-38429597.647607416
-127.25;64.75;-49437367.98182348
-126.75;64.75;-48766688.850885876
-126.25;64.75;-48045069.5117946
-125.75;64.75;-47281778.87095809
-125.25;64.75;-46485934.443049796
-124.75;64.75;-45666376.56081027
-111.25;64.75;-31498393.401608955
-124.25;64.75;-44831556.63851253
-123.25;64.75;-43147433.8775535
-122.75;64.75;-42312313.25620929
-122.25;64.75;-41490191.308314286
-121.75;64.75;-40686487.25427041
-121.25;64.75;-39905918.62905956
-120.75;64.75;-39152507.14569799
-123.75;64.75;-43989441.33336263
-110.25;64.75;-31321644.23030873
