-144.75; 45.25; -0.002411670021194802
-144.75; 45.75; 0.09489790032796792
-144.75; 46.25; -0.010993296979632436
-144.75; 46.75; -0.0888687784169023
-144.75; 47.25; -0.0778115226726744
-144.75; 47.75; -0.010194582187161046
-144.75; 48.25; 0.030938853643073427
-144.75; 48.75; 0.003523872815201727
-144.75; 49.25; -0.0522143901632198
-144.75; 49.75; -0.06272646877714731
-144.75; 50.25; -0.0024718785616246316
-144.75; 50.75; 0.07972793452691908
-144.75; 51.25; 0.11228510853833655
-144.75; 51.75; 0.08642354466752661
-144.75; 52.25; 0.07143236298477024
-144.75; 52.75; 0.13132954514120887
-144.75; 53.25; -0.0009966737671465158
-144.75; 53.75; -0.03189162761435942
-144.75; 54.25; 0.007298326982167688
-144.75; 54.75; 0.03274868084302727
-144.75; 55.25; 0.031219398132816097
-144.75; 55.75; 0.026713637376030833
-144.75; 56.25; 0.05175077071532883
-144.75; 56.75; 0.11131029790506683
-144.75; 57.25; 0.17315684288219285
-144.75; 57.75; 0.19269164525086782
-144.75; 58.25; 0.15024101012725527
-144.75; 58.75; 0.06828290779257246
-144.75; 59.25; -0.006349968460357594
-144.75; 59.75; -0.03925726828867373
-144.75; 60.25; -0.0313901585403861
-144.75; 60.75; -0.043472137590878285
-144.75; 61.25; -0.009432994565736947
-144.75; 61.75; 0.06321068190324809
-144.75; 62.25; -0.09835955258093586
-144.75; 62.75; 0.08657341517131628
-144.75; 63.25; 0.09153962796977227
-144.75; 63.75; 0.10414870569391804
-144.75; 64.25; 0.09985782115768028
-144.75; 64.75; 0.060508716565162914
-144.25; 45.25; -0.1008901169585939
-144.25; 45.75; 0.02719418364785437
-144.25; 46.25; -0.14759669430593822
-144.25; 46.75; -0.03124443131784122
-144.25; 47.25; -0.05052780973760295
-144.25; 47.75; -0.018091725306152613
-144.25; 48.25; 0.10085256208015173
-144.25; 48.75; -0.0742084123120839
-144.25; 49.25; 0.0990362428909729
-144.25; 49.75; 0.14148041330218952
-144.25; 50.25; -0.12282187471717848
-144.25; 50.75; 0.15538550834929626
-144.25; 51.25; 0.050073528669355646
-144.25; 51.75; 0.003814925577305364
-144.25; 52.25; 0.04258922033555276
-144.25; 52.75; 0.1390700623293966
-144.25; 53.25; -0.022404399734802367
-144.25; 53.75; 0.06625178508237682
-144.25; 54.25; -0.10105020119511259
-144.25; 54.75; -0.04961407205663373
-144.25; 55.25; 0.012467453699985843
-144.25; 55.75; 0.013703909162943586
-144.25; 56.25; -0.1312688128317669
-144.25; 56.75; -0.02575020388737262
-144.25; 57.25; 0.14726569396486214
-144.25; 57.75; 0.01955546178404592
-144.25; 58.25; 0.026510431807611163
-144.25; 58.75; 0.057061640982036387
-144.25; 59.25; 0.09853514080414259
-144.25; 59.75; -0.0422398926462544
-144.25; 60.25; 0.06139269168961673
-144.25; 60.75; 0.03877162869493693
-144.25; 61.25; 0.03542769075112125
-144.25; 61.75; 0.10891922349776553
-144.25; 62.25; 0.04181857524281097
-144.25; 62.75; -0.04190348991438879
-144.25; 63.25; -0.05383388436919378
-144.25; 63.75; -0.01956172666113781
-144.25; 64.25; -0.07129666771833512
-144.25; 64.75; 0.014956270180081421
-143.75; 45.25; -0.08062479724033754
-143.75; 45.75; 0.01748391757038973
-143.75; 46.25; 0.0783857560967989
-143.75; 46.75; -0.02063530672082963
-143.75; 47.25; -0.048209343925135796
-143.75; 47.75; -0.03389167241523975
-143.75; 48.25; -0.039590538442815994
-143.75; 48.75; 0.06139053047988198
-143.75; 49.25; -0.06097201859430463
-143.75; 49.75; -0.12308964878065323
-143.75; 50.25; -0.004094594214514118
-143.75; 50.75; 0.04471117715249487
-143.75; 51.25; -0.016661773169886696
-143.75; 51.75; -0.03046465680015605
-143.75; 52.25; -0.03707386132224321
-143.75; 52.75; -0.10410656464075405
-143.75; 53.25; -0.04865839614895583
-143.75; 53.75; 0.13284529185845947
-143.75; 54.25; 0.06855646867857335
-143.75; 54.75; -0.0431392987789071
-143.75; 55.25; 0.04198739536428415
-143.75; 55.75; 0.07181759014171404
-143.75; 56.25; -0.10024746861556319
-143.75; 56.75; 0.0012950120510707634
-143.75; 57.25; 0.06600053576383832
-143.75; 57.75; -0.045826746554286944
-143.75; 58.25; -0.11926466346077344
-143.75; 58.75; -0.03574880076981966
-143.75; 59.25; -0.002898943885838499
-143.75; 59.75; 0.0028333065420779913
-143.75; 60.25; -0.07859051316231343
-143.75; 60.75; 0.06423387756493698
-143.75; 61.25; 0.008948700121704017
-143.75; 61.75; -0.07815229861431008
-143.75; 62.25; -0.017146521834104686
-143.75; 62.75; -0.0016245919483964012
-143.75; 63.25; 0.11570821163871825
-143.75; 63.75; -0.11252939740098555
-143.75; 64.25; -0.07547751946358691
-143.75; 64.75; 0.06925074903529631
-143.25; 45.25; -0.06567648907311827
-143.25; 45.75; 0.057464666467580756
-143.25; 46.25; 0.05946855373211833
-143.25; 46.75; 0.1291254253418243
-143.25; 47.25; -0.0652703088289792
-143.25; 47.75; -0.013038801681616422
-143.25; 48.25; 0.10561703050875257
-143.25; 48.75; 0.1258532944641429
-143.25; 49.25; 0.08865280527726795
-143.25; 49.75; 0.00647003275452236
-143.25; 50.25; 0.06118004930035782
-143.25; 50.75; -0.055074065556852
-143.25; 51.25; 0.036360543463375236
-143.25; 51.75; 0.07109068403671655
-143.25; 52.25; -0.13471067905903916
-143.25; 52.75; 0.09743111939163271
-143.25; 53.25; -0.10189415577793999
-143.25; 53.75; 0.14046827596772646
-143.25; 54.25; -0.1518121997486657
-143.25; 54.75; 0.06451722022189775
-143.25; 55.25; 0.09360248598623655
-143.25; 55.75; -0.006442619755768427
-143.25; 56.25; -0.027097536970458944
-143.25; 56.75; -0.1382556765777824
-143.25; 57.25; -0.20939062340994477
-143.25; 57.75; 0.09528612138795318
-143.25; 58.25; -0.14663087823373647
-143.25; 58.75; -0.03352886924638064
-143.25; 59.25; 0.04015858085829495
-143.25; 59.75; 0.03688844975753334
-143.25; 60.25; 0.023968321183241204
-143.25; 60.75; -0.1172571475356582
-143.25; 61.25; 0.09926811430833293
-143.25; 61.75; -0.011812137851837545
-143.25; 62.25; 0.06243037720765634
-143.25; 62.75; -0.018986432342412093
-143.25; 63.25; 0.00810244217332426
-143.25; 63.75; 0.04875237546163437
-143.25; 64.25; 0.05699610883136716
-143.25; 64.75; 0.10799346853126109
-142.75; 45.25; -0.07002084615889283
-142.75; 45.75; 0.17468821524305558
-142.75; 46.25; 0.03744279045237192
-142.75; 46.75; 0.11302096427028988
-142.75; 47.25; -0.004632822601425778
-142.75; 47.75; -0.07422639042370825
-142.75; 48.25; 0.1996990546924194
-142.75; 48.75; 0.1455273280918491
-142.75; 49.25; 0.03832740232929259
-142.75; 49.75; -0.05281404481637997
-142.75; 50.25; 0.04733322601979166
-142.75; 50.75; -0.008365218553763385
-142.75; 51.25; 0.16300995483201802
-142.75; 51.75; 0.09719273634080047
-142.75; 52.25; 0.08005511833117657
-142.75; 52.75; -0.0332471248829832
-142.75; 53.25; -0.12668312372300422
-142.75; 53.75; -0.041774216760915896
-142.75; 54.25; -0.15374183062712216
-142.75; 54.75; 0.02915391146077997
-142.75; 55.25; 0.07161270271126438
-142.75; 55.75; -0.09327563283509153
-142.75; 56.25; -0.06498236023504932
-142.75; 56.75; 0.02955978166535447
-142.75; 57.25; -0.03484750240609944
-142.75; 57.75; 0.05385323643473777
-142.75; 58.25; 0.05245183248677916
-142.75; 58.75; 0.04226344264161033
-142.75; 59.25; 0.0693825070731909
-142.75; 59.75; -0.04291096004659876
-142.75; 60.25; 0.06680634835014572
-142.75; 60.75; -0.06956046097731662
-142.75; 61.25; -0.060405060438687805
-142.75; 61.75; 0.16894257100769666
-142.75; 62.25; -0.015423697286174405
-142.75; 62.75; -0.12689003104421442
-142.75; 63.25; -0.09979029012597863
-142.75; 63.75; -0.16564135751535652
-142.75; 64.25; -0.07825811104972279
-142.75; 64.75; 0.10427697341720925
-142.25; 45.25; -0.005229262333440389
-142.25; 45.75; 0.01240718112372878
-142.25; 46.25; -0.008754925575909124
-142.25; 46.75; 0.04615331332202026
-142.25; 47.25; 0.050799518312261774
-142.25; 47.75; -0.0029512575662001407
-142.25; 48.25; -0.13057311636774557
-142.25; 48.75; 0.03510586073376832
-142.25; 49.25; 0.041255389366780526
-142.25; 49.75; 0.12037585130725854
-142.25; 50.25; -0.08050619953672901
-142.25; 50.75; -0.1170835718271165
-142.25; 51.25; -0.016189782971104027
-142.25; 51.75; -0.022607402261208085
-142.25; 52.25; -0.03982694309241528
-142.25; 52.75; 0.0383416011755421
-142.25; 53.25; 0.031498416677438405
-142.25; 53.75; 0.01918264164547043
-142.25; 54.25; 0.06043016434896758
-142.25; 54.75; 0.04064124889534649
-142.25; 55.25; 0.08702482672939907
-142.25; 55.75; 0.05486455049243583
-142.25; 56.25; -0.15364252024695615
-142.25; 56.75; 0.034892065261219116
-142.25; 57.25; 0.07787761644115185
-142.25; 57.75; 0.14960839131085726
-142.25; 58.25; 0.005896961143759987
-142.25; 58.75; 0.09864602432755114
-142.25; 59.25; 0.08560045043428023
-142.25; 59.75; -0.14166534621773566
-142.25; 60.25; 0.09096812154187757
-142.25; 60.75; 0.04194474688485994
-142.25; 61.25; -0.16971985351866267
-142.25; 61.75; 0.03151583158816623
-142.25; 62.25; 0.0003706175739339775
-142.25; 62.75; 0.018456221827351727
-142.25; 63.25; -0.06028961380156002
-142.25; 63.75; 0.09132867646000335
-142.25; 64.25; -0.011147772258501385
-142.25; 64.75; -0.05124871725934695
-141.75; 45.25; 0.013542617153672318
-141.75; 45.75; -0.061787489426122263
-141.75; 46.25; -0.010811379947836002
-141.75; 46.75; -0.09973591271425382
-141.75; 47.25; 0.018055440801914516
-141.75; 47.75; -0.01794064126574989
-141.75; 48.25; 0.0014587636355241987
-141.75; 48.75; 0.00824377141365069
-141.75; 49.25; 0.026351672796543196
-141.75; 49.75; 0.054678599549216785
-141.75; 50.25; -0.0063458382157978565
-141.75; 50.75; 0.006763818639896654
-141.75; 51.25; 0.043168311956697424
-141.75; 51.75; -0.04214557184859777
-141.75; 52.25; 0.018487910509976644
-141.75; 52.75; -0.04808912402724861
-141.75; 53.25; 0.059218464470468704
-141.75; 53.75; -0.015093296684111166
-141.75; 54.25; -0.0888964622622194
-141.75; 54.75; -0.02113926974507618
-141.75; 55.25; 0.007741490615496527
-141.75; 55.75; -0.017705513593658052
-141.75; 56.25; 0.09485184350916652
-141.75; 56.75; 0.053069313342565
-141.75; 57.25; 0.002471966085750337
-141.75; 57.75; -0.054436978964983326
-141.75; 58.25; 0.07932532928787388
-141.75; 58.75; 0.01643069831769233
-141.75; 59.25; 0.044654425465674774
-141.75; 59.75; 0.10077973026740905
-141.75; 60.25; 0.07263594503039154
-141.75; 60.75; 0.03140710446722994
-141.75; 61.25; 0.049940717658386105
-141.75; 61.75; 0.00029332082896783537
-141.75; 62.25; 0.061133565113148686
-141.75; 62.75; -0.06726225929376667
-141.75; 63.25; 0.05791208378858196
-141.75; 63.75; -0.046280084760147826
-141.75; 64.25; 0.010568587559763856
-141.75; 64.75; 0.07702627133486535
-141.25; 45.25; 0.0749548558695211
-141.25; 45.75; 0.010029962024192606
-141.25; 46.25; 0.024226333000535557
-141.25; 46.75; 0.10556099224288
-141.25; 47.25; 0.07068963077168708
-141.25; 47.75; 0.10098923153767804
-141.25; 48.25; -0.08040970388215946
-141.25; 48.75; 0.003468057914616114
-141.25; 49.25; 0.004833587155100889
-141.25; 49.75; -0.020270427954776446
-141.25; 50.25; 0.05567791076357869
-141.25; 50.75; -0.01405571733784973
-141.25; 51.25; -0.11154756701966646
-141.25; 51.75; 0.0680600716295808
-141.25; 52.25; 0.10928236865957383
-141.25; 52.75; 0.025274659904497253
-141.25; 53.25; -0.0189535596475537
-141.25; 53.75; -0.007829664454418744
-141.25; 54.25; 0.04905757558311252
-141.25; 54.75; 0.03229676832281803
-141.25; 55.25; 0.0846807815952907
-141.25; 55.75; -0.047022017452469526
-141.25; 56.25; 0.0019450352433630477
-141.25; 56.75; 0.07432177118586465
-141.25; 57.25; -0.08409196579272185
-141.25; 57.75; -0.06628924367501111
-141.25; 58.25; -0.004991068133400645
-141.25; 58.75; 0.10437588439141794
-141.25; 59.25; 0.03878690548635085
-141.25; 59.75; -0.027490395585615977
-141.25; 60.25; -0.05448555600442564
-141.25; 60.75; -0.10238147935360585
-141.25; 61.25; 0.08175020475612935
-141.25; 61.75; -0.020060023662446552
-141.25; 62.25; -0.00886495697378785
-141.25; 62.75; -0.024437966773890953
-141.25; 63.25; 0.0851900015286888
-141.25; 63.75; -0.08027314733527592
-141.25; 64.25; -0.07460667771175056
-141.25; 64.75; -0.07752399675516337
-140.75; 45.25; 0.12425974192115331
-140.75; 45.75; 0.1443934725900833
-140.75; 46.25; 0.011723422523566984
-140.75; 46.75; 0.08477730145634929
-140.75; 47.25; 0.04452362446120094
-140.75; 47.75; 0.12748415680928693
-140.75; 48.25; 0.11262086039707961
-140.75; 48.75; -0.018432652099550036
-140.75; 49.25; -0.14373122969982347
-140.75; 49.75; -0.0732894874638743
-140.75; 50.25; 0.09681716983744865
-140.75; 50.75; 0.015046603564389298
-140.75; 51.25; 0.020151241679015806
-140.75; 51.75; 0.052095111764483094
-140.75; 52.25; 0.07987057967225063
-140.75; 52.75; 0.03090494209869676
-140.75; 53.25; -0.07292412699855734
-140.75; 53.75; 0.0012956035995199725
-140.75; 54.25; -0.16775332087129285
-140.75; 54.75; 0.02226400642970906
-140.75; 55.25; -0.08145829340255512
-140.75; 55.75; 0.04350429391121654
-140.75; 56.25; -0.15011321106230563
-140.75; 56.75; 0.02321091103272186
-140.75; 57.25; -0.02354530308979638
-140.75; 57.75; -0.04789406653754551
-140.75; 58.25; -0.04901833678992473
-140.75; 58.75; 0.015162390414976575
-140.75; 59.25; -0.10907056403219854
-140.75; 59.75; -0.08153452660119324
-140.75; 60.25; -0.04607151417279239
-140.75; 60.75; -0.01681122501356296
-140.75; 61.25; -0.10093840758923245
-140.75; 61.75; -0.03728398517215364
-140.75; 62.25; 0.10428888928235515
-140.75; 62.75; -0.08844289792038317
-140.75; 63.25; -0.12708838546520673
-140.75; 63.75; 0.058620567699659135
-140.75; 64.25; -0.10509036887161015
-140.75; 64.75; -0.03832274856429869
-140.25; 45.25; 0.0481389811181341
-140.25; 45.75; -0.21710657699130748
-140.25; 46.25; -0.10010396883380558
-140.25; 46.75; 0.020333431730050804
-140.25; 47.25; 0.010751355841334137
-140.25; 47.75; 0.12132216126679618
-140.25; 48.25; -0.11192805805551888
-140.25; 48.75; -0.0434011555480175
-140.25; 49.25; -0.017184207563153846
-140.25; 49.75; -0.04431728122255032
-140.25; 50.25; 0.058614104661340344
-140.25; 50.75; -0.055225223518910314
-140.25; 51.25; -0.007171101346696255
-140.25; 51.75; -0.027006486276553433
-140.25; 52.25; 0.014505168708987638
-140.25; 52.75; -0.07052297804075043
-140.25; 53.25; -0.02671840164659861
-140.25; 53.75; -0.12879399503912833
-140.25; 54.25; -0.099859115961377
-140.25; 54.75; -0.030164331443359792
-140.25; 55.25; 0.031182006930495422
-140.25; 55.75; 0.03751277657177037
-140.25; 56.25; 0.0014754202368155221
-140.25; 56.75; 0.14933403401761663
-140.25; 57.25; 0.145898145133485
-140.25; 57.75; 0.18376351911379937
-140.25; 58.25; 0.008944426624276141
-140.25; 58.75; 0.031308350950596954
-140.25; 59.25; -0.1813278585556174
-140.25; 59.75; 0.11092001436517818
-140.25; 60.25; 0.1859986729493956
-140.25; 60.75; 0.14109334982472893
-140.25; 61.25; -0.05629616454735761
-140.25; 61.75; -0.1837421000861592
-140.25; 62.25; -0.021447062040078183
-140.25; 62.75; 0.10050444127877474
-140.25; 63.25; -0.009105044635794608
-140.25; 63.75; -0.0022891779575522843
-140.25; 64.25; 0.02521638851636271
-140.25; 64.75; -0.09752199856608895
-139.75; 45.25; 0.042505759091966154
-139.75; 45.75; 0.10331683439649311
-139.75; 46.25; 0.13317031343451902
-139.75; 46.75; 0.062389382290358265
-139.75; 47.25; 0.037637584254491006
-139.75; 47.75; 0.05741013922868864
-139.75; 48.25; -0.003638762619524008
-139.75; 48.75; -0.046692350997216144
-139.75; 49.25; -0.023223757857089636
-139.75; 49.75; -0.12339994042190744
-139.75; 50.25; -0.028021820291210742
-139.75; 50.75; -0.003932977902376534
-139.75; 51.25; 0.061121319419983854
-139.75; 51.75; -0.0033071189731137393
-139.75; 52.25; -0.048112179803723634
-139.75; 52.75; 0.009738789524886965
-139.75; 53.25; -0.009502838883749067
-139.75; 53.75; -0.020785069597022737
-139.75; 54.25; 0.008771669658185419
-139.75; 54.75; 0.041714750821051465
-139.75; 55.25; -0.027483460587907908
-139.75; 55.75; -0.056135787480970895
-139.75; 56.25; -0.06231136559777675
-139.75; 56.75; 0.02026761161397366
-139.75; 57.25; -0.03264567357577859
-139.75; 57.75; 0.07669791465572623
-139.75; 58.25; 0.026339515174130308
-139.75; 58.75; -0.062342674365520316
-139.75; 59.25; 0.04313104718867538
-139.75; 59.75; -0.023948646580424882
-139.75; 60.25; -0.07060617784848584
-139.75; 60.75; -0.005523856088761888
-139.75; 61.25; -0.14108328976497206
-139.75; 61.75; -0.12984818629232456
-139.75; 62.25; 0.027930078028774712
-139.75; 62.75; 0.030027079924519324
-139.75; 63.25; 0.05897575292334952
-139.75; 63.75; 0.021789585289569476
-139.75; 64.25; 0.03995369992515644
-139.75; 64.75; -0.16581920389599683
-139.25; 45.25; 0.09287789253791484
-139.25; 45.75; 0.03618842454900264
-139.25; 46.25; -0.05301637716997465
-139.25; 46.75; 0.05512504218101957
-139.25; 47.25; 0.0013586375215878064
-139.25; 47.75; 0.046450113713136364
-139.25; 48.25; 0.023660362315291974
-139.25; 48.75; -0.009054594520599202
-139.25; 49.25; -0.0215478582177168
-139.25; 49.75; 0.14217455325216863
-139.25; 50.25; 0.10211269212957466
-139.25; 50.75; -0.08145046491283335
-139.25; 51.25; 0.0117621318561588
-139.25; 51.75; -0.09799842581807483
-139.25; 52.25; 0.10892204295076799
-139.25; 52.75; 0.12199159887917348
-139.25; 53.25; 0.15869363514120152
-139.25; 53.75; 0.153264903233354
-139.25; 54.25; 0.02341097704253779
-139.25; 54.75; -0.09740449773611516
-139.25; 55.25; -0.05325750377552311
-139.25; 55.75; 0.12168481010032266
-139.25; 56.25; -0.07187812271100767
-139.25; 56.75; 0.11047065501275281
-139.25; 57.25; -0.01087575724130973
-139.25; 57.75; -0.036902585528276674
-139.25; 58.25; 0.0030921607631721215
-139.25; 58.75; -0.05502648710817054
-139.25; 59.25; 0.16565543241287933
-139.25; 59.75; -0.0796331441552365
-139.25; 60.25; 0.003399191271176318
-139.25; 60.75; 0.05074896925158984
-139.25; 61.25; 0.16715351508027618
-139.25; 61.75; -0.06390729236295334
-139.25; 62.25; -0.03337875598954069
-139.25; 62.75; -0.04591005904323871
-139.25; 63.25; -0.031693357796543684
-139.25; 63.75; 0.0890186486234837
-139.25; 64.25; -0.07400265408218278
-139.25; 64.75; -0.02906709099999355
-138.75; 45.25; 0.05648762443301836
-138.75; 45.75; 0.20138650062734356
-138.75; 46.25; 0.005368646183583149
-138.75; 46.75; 0.11519496065875473
-138.75; 47.25; 0.05355583318416075
-138.75; 47.75; -0.12075562522809725
-138.75; 48.25; 0.04636912554145867
-138.75; 48.75; 0.21553444152263518
-138.75; 49.25; -0.046416562198121084
-138.75; 49.75; -0.016673815053660206
-138.75; 50.25; -0.025162056142851136
-138.75; 50.75; 0.13566195926079117
-138.75; 51.25; -0.025420302633404678
-138.75; 51.75; 0.07529185791437652
-138.75; 52.25; -0.029162252915512717
-138.75; 52.75; 0.07325316590413103
-138.75; 53.25; 0.0007404043435953251
-138.75; 53.75; -0.023817631082906365
-138.75; 54.25; 0.02526752447869673
-138.75; 54.75; -0.12042408852527618
-138.75; 55.25; -0.027218120256092285
-138.75; 55.75; 0.1005415937234339
-138.75; 56.25; 0.019031138865391862
-138.75; 56.75; 0.023065860302493583
-138.75; 57.25; -0.12669746302151888
-138.75; 57.75; 0.007958466752301803
-138.75; 58.25; 0.0026377400230801254
-138.75; 58.75; 0.030042129054527557
-138.75; 59.25; -0.07127904357259365
-138.75; 59.75; -0.08650695263127751
-138.75; 60.25; 0.07461359471125983
-138.75; 60.75; 0.015931456367771574
-138.75; 61.25; -0.07561487748938896
-138.75; 61.75; -0.009078202333106185
-138.75; 62.25; 0.1223023358673699
-138.75; 62.75; -0.012327205566733399
-138.75; 63.25; -0.07006898357535533
-138.75; 63.75; -0.03370695913580305
-138.75; 64.25; 0.031738959313038016
-138.75; 64.75; -0.10004858247125657
-138.25; 45.25; 0.030900448064957724
-138.25; 45.75; -0.04872977956813911
-138.25; 46.25; -0.009181534257293431
-138.25; 46.75; -0.054586858470073385
-138.25; 47.25; 0.11224418493080413
-138.25; 47.75; -0.010978718586693265
-138.25; 48.25; 0.02879196075687216
-138.25; 48.75; -0.0014728157561773065
-138.25; 49.25; 0.008480996361610581
-138.25; 49.75; -0.005079901646146491
-138.25; 50.25; -0.020450555579325833
-138.25; 50.75; 0.007444833956385866
-138.25; 51.25; 0.004491679988312822
-138.25; 51.75; -0.022287324792326566
-138.25; 52.25; -0.10505807945880202
-138.25; 52.75; -0.044174333676883455
-138.25; 53.25; -0.06166085781123815
-138.25; 53.75; -0.006210243118109045
-138.25; 54.25; -0.021289748396368633
-138.25; 54.75; -0.036424813880358085
-138.25; 55.25; 0.06839301554266165
-138.25; 55.75; -0.10538859689341894
-138.25; 56.25; -0.008619997218399449
-138.25; 56.75; -0.05799323587613698
-138.25; 57.25; -0.03715888009657745
-138.25; 57.75; 0.029698570918311584
-138.25; 58.25; 0.08928764913164507
-138.25; 58.75; 0.05258904101402526
-138.25; 59.25; 0.014292946934916373
-138.25; 59.75; -0.005225304971560143
-138.25; 60.25; -0.03183082533971603
-138.25; 60.75; -0.0003521765366131362
-138.25; 61.25; 0.006531678293650785
-138.25; 61.75; -0.07577481528699583
-138.25; 62.25; 0.044943010318523206
-138.25; 62.75; 0.053536336388906244
-138.25; 63.25; -0.05968194895226522
-138.25; 63.75; -0.05388929103427643
-138.25; 64.25; -0.09378203940763873
-138.25; 64.75; 0.04746523893171921
-137.75; 45.25; 0.08929105425587468
-137.75; 45.75; 0.04053399375116392
-137.75; 46.25; 0.01581669870989912
-137.75; 46.75; -0.07321749567963072
-137.75; 47.25; -0.07150519338051374
-137.75; 47.75; -0.10836625450280239
-137.75; 48.25; 0.06736584401316315
-137.75; 48.75; 0.13403994058728944
-137.75; 49.25; 0.09608518998069938
-137.75; 49.75; -0.020155567907235935
-137.75; 50.25; -0.01900767530003521
-137.75; 50.75; 0.0641104639663698
-137.75; 51.25; 0.05587997867830467
-137.75; 51.75; 0.016794146748023032
-137.75; 52.25; -0.04943638915616699
-137.75; 52.75; 0.15668032228539078
-137.75; 53.25; 0.10570895158117986
-137.75; 53.75; -0.06628433345070919
-137.75; 54.25; -0.027093466728403483
-137.75; 54.75; -0.013885239065375416
-137.75; 55.25; -0.06611069217068159
-137.75; 55.75; -0.024117343639681748
-137.75; 56.25; -0.04459394803336003
-137.75; 56.75; 0.006573199280043701
-137.75; 57.25; 0.048798336274533
-137.75; 57.75; -0.06794575339143163
-137.75; 58.25; 0.04463773282009682
-137.75; 58.75; -0.04187122941822001
-137.75; 59.25; -0.03384025255279352
-137.75; 59.75; -0.03460950169404551
-137.75; 60.25; 0.01812525241375835
-137.75; 60.75; -0.001506519028406086
-137.75; 61.25; -0.06230299788621157
-137.75; 61.75; -0.020425959421591425
-137.75; 62.25; 0.10129430356755084
-137.75; 62.75; -0.00034224839494158526
-137.75; 63.25; 0.005921461281294859
-137.75; 63.75; -0.06460078710212644
-137.75; 64.25; 0.14410299677177474
-137.75; 64.75; 0.002272100162546675
-137.25; 45.25; 0.010313209757530771
-137.25; 45.75; -0.017696523120708588
-137.25; 46.25; 0.013686844385959863
-137.25; 46.75; -0.06898161834317161
-137.25; 47.25; 0.14430175867715136
-137.25; 47.75; -0.002557239790826726
-137.25; 48.25; -0.0508656809701698
-137.25; 48.75; 0.08558293185432397
-137.25; 49.25; 0.06958912077471312
-137.25; 49.75; 0.08351303403674841
-137.25; 50.25; 0.060135480771246315
-137.25; 50.75; 0.14379304255228664
-137.25; 51.25; -0.01464182790211815
-137.25; 51.75; -0.1623119916572539
-137.25; 52.25; 0.051525875142774624
-137.25; 52.75; -0.0057838850954068325
-137.25; 53.25; 0.008190912348939691
-137.25; 53.75; -0.01109995934242393
-137.25; 54.25; -0.041898668199823075
-137.25; 54.75; 0.0495856745817142
-137.25; 55.25; 0.053337770081188736
-137.25; 55.75; -0.03515895303330048
-137.25; 56.25; -0.03163939389267168
-137.25; 56.75; -0.04883568411738783
-137.25; 57.25; -0.04082921106373581
-137.25; 57.75; -0.07895814177194269
-137.25; 58.25; -0.061043695516164495
-137.25; 58.75; -0.07668753055053935
-137.25; 59.25; 0.00466342043477281
-137.25; 59.75; 0.07447595924848566
-137.25; 60.25; -0.06242418143774241
-137.25; 60.75; -0.035947402303831394
-137.25; 61.25; 0.10075707852434071
-137.25; 61.75; -0.003524274599459787
-137.25; 62.25; 0.06646443647893621
-137.25; 62.75; -0.01236415572591269
-137.25; 63.25; 0.021590152403555683
-137.25; 63.75; 0.09125233729644164
-137.25; 64.25; 0.061758756548337325
-137.25; 64.75; -0.020642337677768404
-136.75; 45.25; 0.031424709001424196
-136.75; 45.75; 0.025340547492773736
-136.75; 46.25; 0.022602644453683866
-136.75; 46.75; 0.06165716375043888
-136.75; 47.25; 0.03258159423371694
-136.75; 47.75; 0.022464622077406172
-136.75; 48.25; 0.023426222085871008
-136.75; 48.75; 0.1175335204359256
-136.75; 49.25; 0.03915055486922178
-136.75; 49.75; 0.09119435061526052
-136.75; 50.25; 0.03275757512830341
-136.75; 50.75; -0.09670366043300832
-136.75; 51.25; -0.03138071522334291
-136.75; 51.75; -0.009306311266682684
-136.75; 52.25; 0.058430035553042575
-136.75; 52.75; -0.03374671618684702
-136.75; 53.25; 0.05600337057266911
-136.75; 53.75; 0.04594539937436027
-136.75; 54.25; 0.14174318299952082
-136.75; 54.75; 0.026669652919860794
-136.75; 55.25; 0.015587185367916924
-136.75; 55.75; 0.004616442985207332
-136.75; 56.25; -0.03088481047979868
-136.75; 56.75; -0.03321515143305708
-136.75; 57.25; 0.043704963202554147
-136.75; 57.75; 0.05931231696316129
-136.75; 58.25; 0.045364683896113894
-136.75; 58.75; 0.17184024800513398
-136.75; 59.25; -0.036716502850944126
-136.75; 59.75; 0.1355787279972323
-136.75; 60.25; -0.05784374838108648
-136.75; 60.75; -0.08785017199571662
-136.75; 61.25; 0.09472059004846801
-136.75; 61.75; 0.044199949781422096
-136.75; 62.25; -0.033813911622737676
-136.75; 62.75; 0.0012291444383101698
-136.75; 63.25; -0.07605772128834691
-136.75; 63.75; 0.08630073677964868
-136.75; 64.25; 0.02579171197949015
-136.75; 64.75; -0.006369209126014059
-136.25; 45.25; 0.009289481315952575
-136.25; 45.75; 0.04098031603370482
-136.25; 46.25; -0.04636461413414514
-136.25; 46.75; 0.005879050141559825
-136.25; 47.25; -0.02834616193585063
-136.25; 47.75; -0.07655495862325673
-136.25; 48.25; 0.007120659795096828
-136.25; 48.75; 0.02291330894507774
-136.25; 49.25; -0.04412664282285027
-136.25; 49.75; 0.12490432185427837
-136.25; 50.25; 0.11436480494722395
-136.25; 50.75; 0.10080725429237036
-136.25; 51.25; 0.014368214923322157
-136.25; 51.75; -0.012803227012586151
-136.25; 52.25; -0.05165154367976418
-136.25; 52.75; 0.03345654615596781
-136.25; 53.25; -0.02016707573913162
-136.25; 53.75; -0.08681968186412653
-136.25; 54.25; 0.05796817654578796
-136.25; 54.75; 0.0759034118629156
-136.25; 55.25; -0.020472932618401805
-136.25; 55.75; -0.0563501293375329
-136.25; 56.25; -0.0507136765617671
-136.25; 56.75; -0.02661090086217516
-136.25; 57.25; 0.10628767842135277
-136.25; 57.75; -0.021095536688507523
-136.25; 58.25; -0.034141889200510984
-136.25; 58.75; 0.007979325305630062
-136.25; 59.25; 0.1252364034353421
-136.25; 59.75; 0.08865870162039115
-136.25; 60.25; -0.006905657737898115
-136.25; 60.75; -0.015552606655845415
-136.25; 61.25; -0.043587152097665935
-136.25; 61.75; -0.0015259196744044554
-136.25; 62.25; -0.026126894272177174
-136.25; 62.75; -0.09389286136116069
-136.25; 63.25; -0.07396901408754977
-136.25; 63.75; 0.1545612717978319
-136.25; 64.25; 0.08158776275900069
-136.25; 64.75; 0.03204018216744989
-135.75; 45.25; -0.026428993964439738
-135.75; 45.75; -0.08413859171611106
-135.75; 46.25; -0.07609082204509836
-135.75; 46.75; -0.01922970972865544
-135.75; 47.25; 0.06923682271895283
-135.75; 47.75; 0.050564189879174666
-135.75; 48.25; -0.09705562542234725
-135.75; 48.75; -0.12345450673363427
-135.75; 49.25; 0.05811332321425905
-135.75; 49.75; -0.05718751241717656
-135.75; 50.25; 0.06378607603034359
-135.75; 50.75; -0.006201367803611977
-135.75; 51.25; 0.02540110278979714
-135.75; 51.75; -0.045073301100094824
-135.75; 52.25; -0.022952071977005287
-135.75; 52.75; -0.04409698572242208
-135.75; 53.25; 0.04083931768585775
-135.75; 53.75; 0.018539469247281063
-135.75; 54.25; -0.0022423879390905343
-135.75; 54.75; -0.05574105066367387
-135.75; 55.25; 0.08524488523382577
-135.75; 55.75; -0.10012627193807039
-135.75; 56.25; 0.04974516785606067
-135.75; 56.75; -0.1143835868933729
-135.75; 57.25; -0.09652345113283325
-135.75; 57.75; 0.03436653168237283
-135.75; 58.25; 0.011122302494907246
-135.75; 58.75; -0.08481819425682689
-135.75; 59.25; -0.06387839901107177
-135.75; 59.75; -0.039626356677668326
-135.75; 60.25; -0.03558632139441593
-135.75; 60.75; 0.09614631174135917
-135.75; 61.25; 0.09679818841100231
-135.75; 61.75; -0.08828533427491934
-135.75; 62.25; -0.028603670465876994
-135.75; 62.75; 0.04842530423362368
-135.75; 63.25; 0.08610600616205462
-135.75; 63.75; -0.09800193250849337
-135.75; 64.25; 0.02195135505751932
-135.75; 64.75; -0.024657338781936513
-135.25; 45.25; 0.0029295016303511954
-135.25; 45.75; -0.025549251100498497
-135.25; 46.25; 0.054379746645524876
-135.25; 46.75; -0.06921200914875758
-135.25; 47.25; 0.016958674630253596
-135.25; 47.75; 0.024149761555597615
-135.25; 48.25; 0.0707319119306712
-135.25; 48.75; 0.025766180975593387
-135.25; 49.25; 0.057719314050297434
-135.25; 49.75; -0.09197006831319093
-135.25; 50.25; -0.07393357132203522
-135.25; 50.75; 0.011217706188786692
-135.25; 51.25; -0.008226750812259449
-135.25; 51.75; 0.038815136213117114
-135.25; 52.25; 0.049676715515449936
-135.25; 52.75; -0.0026188205374262285
-135.25; 53.25; 0.02830931399266734
-135.25; 53.75; -0.01957810217874714
-135.25; 54.25; -0.1115284792615241
-135.25; 54.75; -0.0243970009148721
-135.25; 55.25; 0.01580230544162985
-135.25; 55.75; -0.11327949480885754
-135.25; 56.25; -0.03639039005033296
-135.25; 56.75; -0.017385211939528567
-135.25; 57.25; -0.02448658652236669
-135.25; 57.75; 0.04830955154996231
-135.25; 58.25; 0.06869839348021754
-135.25; 58.75; -0.07285047524549028
-135.25; 59.25; -0.004761938953504542
-135.25; 59.75; -0.038406055682238954
-135.25; 60.25; -0.06814388962713092
-135.25; 60.75; 0.052918222025718636
-135.25; 61.25; -0.02017068991919551
-135.25; 61.75; -0.028569196225043666
-135.25; 62.25; -0.05008137372802342
-135.25; 62.75; -0.033242787784749726
-135.25; 63.25; -0.007350247281282555
-135.25; 63.75; -0.0645609583776083
-135.25; 64.25; -0.006141789671856138
-135.25; 64.75; 0.07693896565623219
-134.75; 45.25; 0.02815487300599376
-134.75; 45.75; 0.04811679322483215
-134.75; 46.25; -0.003200625572400739
-134.75; 46.75; 0.06911475906052605
-134.75; 47.25; -0.02017572890557626
-134.75; 47.75; -0.01940966292750398
-134.75; 48.25; -0.023263183121990088
-134.75; 48.75; -0.002869569486474796
-134.75; 49.25; 0.02758581427669323
-134.75; 49.75; 0.05979696882502545
-134.75; 50.25; -0.018054609604049424
-134.75; 50.75; 0.01399943422904197
-134.75; 51.25; -0.018016744187964787
-134.75; 51.75; 0.07884827406111128
-134.75; 52.25; -0.03968610538730739
-134.75; 52.75; 0.02726989620416567
-134.75; 53.25; -0.018445509622964082
-134.75; 53.75; -0.0427621247826813
-134.75; 54.25; 0.000146108898539318
-134.75; 54.75; 0.0021374579649845234
-134.75; 55.25; 0.0
-134.75; 55.75; 0.0
-134.75; 56.25; 0.0
-134.75; 56.75; 0.0
-134.75; 57.25; 0.0
-134.75; 57.75; 0.0
-134.75; 58.25; 0.0
-134.75; 58.75; 0.0
-134.75; 59.25; 0.0
-134.75; 59.75; 0.0
-134.75; 60.25; 0.0
-134.75; 60.75; 0.0
-134.75; 61.25; 0.0
-134.75; 61.75; 0.0
-134.75; 62.25; 0.0
-134.75; 62.75; 0.0
-134.75; 63.25; 0.0
-134.75; 63.75; 0.0
-134.75; 64.25; 0.0
-134.75; 64.75; 0.0
-134.25; 45.25; 0.0
-134.25; 45.75; 0.0
-134.25; 46.25; 0.0
-134.25; 46.75; 0.0
-134.25; 47.25; 0.0
-134.25; 47.75; 0.0
-134.25; 48.25; 0.0
-134.25; 48.75; 0.0
-134.25; 49.25; 0.0
-134.25; 49.75; 0.0
-134.25; 50.25; 0.0
-134.25; 50.75; 0.0
-134.25; 51.25; 0.0
-134.25; 51.75; 0.0
-134.25; 52.25; 0.0
-134.25; 52.75; 0.0
-134.25; 53.25; 0.0
-134.25; 53.75; 0.0
-134.25; 54.25; 0.0
-134.25; 54.75; 0.0
-134.25; 55.25; 0.0
-134.25; 55.75; 0.0
-134.25; 56.25; 0.0
-134.25; 56.75; 0.0
-134.25; 57.25; 0.0
-134.25; 57.75; 0.0
-134.25; 58.25; 0.0
-134.25; 58.75; 0.0
-134.25; 59.25; 0.0
-134.25; 59.75; 0.0
-134.25; 60.25; 0.0
-134.25; 60.75; 0.0
-134.25; 61.25; 0.0
-134.25; 61.75; 0.0
-134.25; 62.25; 0.0
-134.25; 62.75; 0.0
-134.25; 63.25; 0.0
-134.25; 63.75; 0.0
-134.25; 64.25; 0.0
-134.25; 64.75; 0.0
-133.75; 45.25; 0.0
-133.75; 45.75; 0.0
-133.75; 46.25; 0.0
-133.75; 46.75; 0.0
-133.75; 47.25; 0.0
-133.75; 47.75; 0.0
-133.75; 48.25; 0.0
-133.75; 48.75; 0.0
-133.75; 49.25; 0.0
-133.75; 49.75; 0.0
-133.75; 50.25; 0.0
-133.75; 50.75; 0.0
-133.75; 51.25; 0.0
-133.75; 51.75; 0.0
-133.75; 52.25; 0.0
-133.75; 52.75; 0.0
-133.75; 53.25; 0.0
-133.75; 53.75; 0.0
-133.75; 54.25; 0.0
-133.75; 54.75; 0.0
-133.75; 55.25; 0.0
-133.75; 55.75; 0.0
-133.75; 56.25; 0.0
-133.75; 56.75; 0.0
-133.75; 57.25; 0.0
-133.75; 57.75; 0.0
-133.75; 58.25; 0.0
-133.75; 58.75; 0.0
-133.75; 59.25; 0.0
-133.75; 59.75; 0.0
-133.75; 60.25; 0.0
-133.75; 60.75; 0.0
-133.75; 61.25; 0.0
-133.75; 61.75; 0.0
-133.75; 62.25; 0.0
-133.75; 62.75; 0.0
-133.75; 63.25; 0.0
-133.75; 63.75; 0.0
-133.75; 64.25; 0.0
-133.75; 64.75; 0.0
-133.25; 45.25; 0.0
-133.25; 45.75; 0.0
-133.25; 46.25; 0.0
-133.25; 46.75; 0.0
-133.25; 47.25; 0.0
-133.25; 47.75; 0.0
-133.25; 48.25; 0.0
-133.25; 48.75; 0.0
-133.25; 49.25; 0.0
-133.25; 49.75; 0.0
-133.25; 50.25; 0.0
-133.25; 50.75; 0.0
-133.25; 51.25; 0.0
-133.25; 51.75; 0.0
-133.25; 52.25; 0.0
-133.25; 52.75; 0.0
-133.25; 53.25; 0.0
-133.25; 53.75; 0.0
-133.25; 54.25; 0.0
-133.25; 54.75; 0.0
-133.25; 55.25; 0.0
-133.25; 55.75; 0.0
-133.25; 56.25; 0.0
-133.25; 56.75; 0.0
-133.25; 57.25; 0.0
-133.25; 57.75; 0.0
-133.25; 58.25; 0.0
-133.25; 58.75; 0.0
-133.25; 59.25; 0.0
-133.25; 59.75; 0.0
-133.25; 60.25; 0.0
-133.25; 60.75; 0.0
-133.25; 61.25; 0.0
-133.25; 61.75; 0.0
-133.25; 62.25; 0.0
-133.25; 62.75; 0.0
-133.25; 63.25; 0.0
-133.25; 63.75; 0.0
-133.25; 64.25; 0.0
-133.25; 64.75; 0.0
-132.75; 45.25; 0.0
-132.75; 45.75; 0.0
-132.75; 46.25; 0.0
-132.75; 46.75; 0.0
-132.75; 47.25; 0.0
-132.75; 47.75; 0.0
-132.75; 48.25; 0.0
-132.75; 48.75; 0.0
-132.75; 49.25; 0.0
-132.75; 49.75; 0.0
-132.75; 50.25; 0.0
-132.75; 50.75; 0.0
-132.75; 51.25; 0.0
-132.75; 51.75; 0.0
-132.75; 52.25; 0.0
-132.75; 52.75; 0.0
-132.75; 53.25; 0.0
-132.75; 53.75; 0.0
-132.75; 54.25; 0.0
-132.75; 54.75; 0.0
-132.75; 55.25; 0.0
-132.75; 55.75; 0.0
-132.75; 56.25; 0.0
-132.75; 56.75; 0.0
-132.75; 57.25; 0.0
-132.75; 57.75; 0.0
-132.75; 58.25; 0.0
-132.75; 58.75; 0.0
-132.75; 59.25; 0.0
-132.75; 59.75; 0.0
-132.75; 60.25; 0.0
-132.75; 60.75; 0.0
-132.75; 61.25; 0.0
-132.75; 61.75; 0.0
-132.75; 62.25; 0.0
-132.75; 62.75; 0.0
-132.75; 63.25; 0.0
-132.75; 63.75; 0.0
-132.75; 64.25; 0.0
-132.75; 64.75; 0.0
-132.25; 45.25; 0.0
-132.25; 45.75; 0.0
-132.25; 46.25; 0.0
-132.25; 46.75; 0.0
-132.25; 47.25; 0.0
-132.25; 47.75; 0.0
-132.25; 48.25; 0.0
-132.25; 48.75; 0.0
-132.25; 49.25; 0.0
-132.25; 49.75; 0.0
-132.25; 50.25; 0.0
-132.25; 50.75; 0.0
-132.25; 51.25; 0.0
-132.25; 51.75; 0.0
-132.25; 52.25; 0.0
-132.25; 52.75; 0.0
-132.25; 53.25; 0.0
-132.25; 53.75; 0.0
-132.25; 54.25; 0.0
-132.25; 54.75; 0.0
-132.25; 55.25; 0.0
-132.25; 55.75; 0.0
-132.25; 56.25; 0.0
-132.25; 56.75; 0.0
-132.25; 57.25; 0.0
-132.25; 57.75; 0.0
-132.25; 58.25; 0.0
-132.25; 58.75; 0.0
-132.25; 59.25; 0.0
-132.25; 59.75; 0.0
-132.25; 60.25; 0.0
-132.25; 60.75; 0.0
-132.25; 61.25; 0.0
-132.25; 61.75; 0.0
-132.25; 62.25; 0.0
-132.25; 62.75; 0.0
-132.25; 63.25; 0.0
-132.25; 63.75; 0.0
-132.25; 64.25; 0.0
-132.25; 64.75; 0.0
-131.75; 45.25; 0.0
-131.75; 45.75; 0.0
-131.75; 46.25; 0.0
-131.75; 46.75; 0.0
-131.75; 47.25; 0.0
-131.75; 47.75; 0.0
-131.75; 48.25; 0.0
-131.75; 48.75; 0.0
-131.75; 49.25; 0.0
-131.75; 49.75; 0.0
-131.75; 50.25; 0.0
-131.75; 50.75; 0.0
-131.75; 51.25; 0.0
-131.75; 51.75; 0.0
-131.75; 52.25; 0.0
-131.75; 52.75; 0.0
-131.75; 53.25; 0.0
-131.75; 53.75; 0.0
-131.75; 54.25; 0.0
-131.75; 54.75; 0.0
-131.75; 55.25; 0.0
-131.75; 55.75; 0.0
-131.75; 56.25; 0.0
-131.75; 56.75; 0.0
-131.75; 57.25; 0.0
-131.75; 57.75; 0.0
-131.75; 58.25; 0.0
-131.75; 58.75; 0.0
-131.75; 59.25; 0.0
-131.75; 59.75; 0.0
-131.75; 60.25; 0.0
-131.75; 60.75; 0.0
-131.75; 61.25; 0.0
-131.75; 61.75; 0.0
-131.75; 62.25; 0.0
-131.75; 62.75; 0.0
-131.75; 63.25; 0.0
-131.75; 63.75; 0.0
-131.75; 64.25; 0.0
-131.75; 64.75; 0.0
-131.25; 45.25; 0.0
-131.25; 45.75; 0.0
-131.25; 46.25; 0.0
-131.25; 46.75; 0.0
-131.25; 47.25; 0.0
-131.25; 47.75; 0.0
-131.25; 48.25; 0.0
-131.25; 48.75; 0.0
-131.25; 49.25; 0.0
-131.25; 49.75; 0.0
-131.25; 50.25; 0.0
-131.25; 50.75; 0.0
-131.25; 51.25; 0.0
-131.25; 51.75; 0.0
-131.25; 52.25; 0.0
-131.25; 52.75; 0.0
-131.25; 53.25; 0.0
-131.25; 53.75; 0.0
-131.25; 54.25; 0.0
-131.25; 54.75; 0.0
-131.25; 55.25; 0.0
-131.25; 55.75; 0.0
-131.25; 56.25; 0.0
-131.25; 56.75; 0.0
-131.25; 57.25; 0.0
-131.25; 57.75; 0.0
-131.25; 58.25; 0.0
-131.25; 58.75; 0.0
-131.25; 59.25; 0.0
-131.25; 59.75; 0.0
-131.25; 60.25; 0.0
-131.25; 60.75; 0.0
-131.25; 61.25; 0.0
-131.25; 61.75; 0.0
-131.25; 62.25; 0.0
-131.25; 62.75; 0.0
-131.25; 63.25; 0.0
-131.25; 63.75; 0.0
-131.25; 64.25; 0.0
-131.25; 64.75; 0.0
-130.75; 45.25; 0.0
-130.75; 45.75; 0.0
-130.75; 46.25; 0.0
-130.75; 46.75; 0.0
-130.75; 47.25; 0.0
-130.75; 47.75; 0.0
-130.75; 48.25; 0.0
-130.75; 48.75; 0.0
-130.75; 49.25; 0.0
-130.75; 49.75; 0.0
-130.75; 50.25; 0.0
-130.75; 50.75; 0.0
-130.75; 51.25; 0.0
-130.75; 51.75; 0.0
-130.75; 52.25; 0.0
-130.75; 52.75; 0.0
-130.75; 53.25; 0.0
-130.75; 53.75; 0.0
-130.75; 54.25; 0.0
-130.75; 54.75; 0.0
-130.75; 55.25; 0.0
-130.75; 55.75; 0.0
-130.75; 56.25; 0.0
-130.75; 56.75; 0.0
-130.75; 57.25; 0.0
-130.75; 57.75; 0.0
-130.75; 58.25; 0.0
-130.75; 58.75; 0.0
-130.75; 59.25; 0.0
-130.75; 59.75; 0.0
-130.75; 60.25; 0.0
-130.75; 60.75; 0.0
-130.75; 61.25; 0.0
-130.75; 61.75; 0.0
-130.75; 62.25; 0.0
-130.75; 62.75; 0.0
-130.75; 63.25; 0.0
-130.75; 63.75; 0.0
-130.75; 64.25; 0.0
-130.75; 64.75; 0.0
-130.25; 45.25; 0.0
-130.25; 45.75; 0.0
-130.25; 46.25; 0.0
-130.25; 46.75; 0.0
-130.25; 47.25; 0.0
-130.25; 47.75; 0.0
-130.25; 48.25; 0.0
-130.25; 48.75; 0.0
-130.25; 49.25; 0.0
-130.25; 49.75; 0.0
-130.25; 50.25; 0.0
-130.25; 50.75; 0.0
-130.25; 51.25; 0.0
-130.25; 51.75; 0.0
-130.25; 52.25; 0.0
-130.25; 52.75; 0.0
-130.25; 53.25; 0.0
-130.25; 53.75; 0.0
-130.25; 54.25; 0.0
-130.25; 54.75; 0.0
-130.25; 55.25; 0.0
-130.25; 55.75; 0.0
-130.25; 56.25; 0.0
-130.25; 56.75; 0.0
-130.25; 57.25; 0.0
-130.25; 57.75; 0.0
-130.25; 58.25; 0.0
-130.25; 58.75; 0.0
-130.25; 59.25; 0.0
-130.25; 59.75; 0.0
-130.25; 60.25; 0.0
-130.25; 60.75; 0.0
-130.25; 61.25; 0.0
-130.25; 61.75; 0.0
-130.25; 62.25; 0.0
-130.25; 62.75; 0.0
-130.25; 63.25; 0.0
-130.25; 63.75; 0.0
-130.25; 64.25; 0.0
-130.25; 64.75; 0.0
-129.75; 45.25; 0.0
-129.75; 45.75; 0.0
-129.75; 46.25; 0.0
-129.75; 46.75; 0.0
-129.75; 47.25; 0.0
-129.75; 47.75; 0.0
-129.75; 48.25; 0.0
-129.75; 48.75; 0.0
-129.75; 49.25; 0.0
-129.75; 49.75; 0.0
-129.75; 50.25; 0.0
-129.75; 50.75; 0.0
-129.75; 51.25; 0.0
-129.75; 51.75; 0.0
-129.75; 52.25; 0.0
-129.75; 52.75; 0.0
-129.75; 53.25; 0.0
-129.75; 53.75; 0.0
-129.75; 54.25; 0.0
-129.75; 54.75; 0.0
-129.75; 55.25; 0.0
-129.75; 55.75; 0.0
-129.75; 56.25; 0.0
-129.75; 56.75; 0.0
-129.75; 57.25; 0.0
-129.75; 57.75; 0.0
-129.75; 58.25; 0.0
-129.75; 58.75; 0.0
-129.75; 59.25; 0.0
-129.75; 59.75; 0.0
-129.75; 60.25; 0.0
-129.75; 60.75; 0.0
-129.75; 61.25; 0.0
-129.75; 61.75; 0.0
-129.75; 62.25; 0.0
-129.75; 62.75; 0.0
-129.75; 63.25; 0.0
-129.75; 63.75; 0.0
-129.75; 64.25; 0.0
-129.75; 64.75; 0.0
-129.25; 45.25; 0.0
-129.25; 45.75; 0.0
-129.25; 46.25; 0.0
-129.25; 46.75; 0.0
-129.25; 47.25; 0.0
-129.25; 47.75; 0.0
-129.25; 48.25; 0.0
-129.25; 48.75; 0.0
-129.25; 49.25; 0.0
-129.25; 49.75; 0.0
-129.25; 50.25; 0.0
-129.25; 50.75; 0.0
-129.25; 51.25; 0.0
-129.25; 51.75; 0.0
-129.25; 52.25; 0.0
-129.25; 52.75; 0.0
-129.25; 53.25; 0.0
-129.25; 53.75; 0.0
-129.25; 54.25; 0.0
-129.25; 54.75; 0.0
-129.25; 55.25; 0.0
-129.25; 55.75; 0.0
-129.25; 56.25; 0.0
-129.25; 56.75; 0.0
-129.25; 57.25; 0.0
-129.25; 57.75; 0.0
-129.25; 58.25; 0.0
-129.25; 58.75; 0.0
-129.25; 59.25; 0.0
-129.25; 59.75; 0.0
-129.25; 60.25; 0.0
-129.25; 60.75; 0.0
-129.25; 61.25; 0.0
-129.25; 61.75; 0.0
-129.25; 62.25; 0.0
-129.25; 62.75; 0.0
-129.25; 63.25; 0.0
-129.25; 63.75; 0.0
-129.25; 64.25; 0.0
-129.25; 64.75; 0.0
-128.75; 45.25; 0.0
-128.75; 45.75; 0.0
-128.75; 46.25; 0.0
-128.75; 46.75; 0.0
-128.75; 47.25; 0.0
-128.75; 47.75; 0.0
-128.75; 48.25; 0.0
-128.75; 48.75; 0.0
-128.75; 49.25; 0.0
-128.75; 49.75; 0.0
-128.75; 50.25; 0.0
-128.75; 50.75; 0.0
-128.75; 51.25; 0.0
-128.75; 51.75; 0.0
-128.75; 52.25; 0.0
-128.75; 52.75; 0.0
-128.75; 53.25; 0.0
-128.75; 53.75; 0.0
-128.75; 54.25; 0.0
-128.75; 54.75; 0.0
-128.75; 55.25; 0.0
-128.75; 55.75; 0.0
-128.75; 56.25; 0.0
-128.75; 56.75; 0.0
-128.75; 57.25; 0.0
-128.75; 57.75; 0.0
-128.75; 58.25; 0.0
-128.75; 58.75; 0.0
-128.75; 59.25; 0.0
-128.75; 59.75; 0.0
-128.75; 60.25; 0.0
-128.75; 60.75; 0.0
-128.75; 61.25; 0.0
-128.75; 61.75; 0.0
-128.75; 62.25; 0.0
-128.75; 62.75; 0.0
-128.75; 63.25; 0.0
-128.75; 63.75; 0.0
-128.75; 64.25; 0.0
-128.75; 64.75; 0.0
-128.25; 45.25; 0.0
-128.25; 45.75; 0.0
-128.25; 46.25; 0.0
-128.25; 46.75; 0.0
-128.25; 47.25; 0.0
-128.25; 47.75; 0.0
-128.25; 48.25; 0.0
-128.25; 48.75; 0.0
-128.25; 49.25; 0.0
-128.25; 49.75; 0.0
-128.25; 50.25; 0.0
-128.25; 50.75; 0.0
-128.25; 51.25; 0.0
-128.25; 51.75; 0.0
-128.25; 52.25; 0.0
-128.25; 52.75; 0.0
-128.25; 53.25; 0.0
-128.25; 53.75; 0.0
-128.25; 54.25; 0.0
-128.25; 54.75; 0.0
-128.25; 55.25; 0.0
-128.25; 55.75; 0.0
-128.25; 56.25; 0.0
-128.25; 56.75; 0.0
-128.25; 57.25; 0.0
-128.25; 57.75; 0.0
-128.25; 58.25; 0.0
-128.25; 58.75; 0.0
-128.25; 59.25; 0.0
-128.25; 59.75; 0.0
-128.25; 60.25; 0.0
-128.25; 60.75; 0.0
-128.25; 61.25; 0.0
-128.25; 61.75; 0.0
-128.25; 62.25; 0.0
-128.25; 62.75; 0.0
-128.25; 63.25; 0.0
-128.25; 63.75; 0.0
-128.25; 64.25; 0.0
-128.25; 64.75; 0.0
-127.75; 45.25; 0.0
-127.75; 45.75; 0.0
-127.75; 46.25; 0.0
-127.75; 46.75; 0.0
-127.75; 47.25; 0.0
-127.75; 47.75; 0.0
-127.75; 48.25; 0.0
-127.75; 48.75; 0.0
-127.75; 49.25; 0.0
-127.75; 49.75; 0.0
-127.75; 50.25; 0.0
-127.75; 50.75; 0.0
-127.75; 51.25; 0.0
-127.75; 51.75; 0.0
-127.75; 52.25; 0.0
-127.75; 52.75; 0.0
-127.75; 53.25; 0.0
-127.75; 53.75; 0.0
-127.75; 54.25; 0.0
-127.75; 54.75; 0.0
-127.75; 55.25; 0.0
-127.75; 55.75; 0.0
-127.75; 56.25; 0.0
-127.75; 56.75; 0.0
-127.75; 57.25; 0.0
-127.75; 57.75; 0.0
-127.75; 58.25; 0.0
-127.75; 58.75; 0.0
-127.75; 59.25; 0.0
-127.75; 59.75; 0.0
-127.75; 60.25; 0.0
-127.75; 60.75; 0.0
-127.75; 61.25; 0.0
-127.75; 61.75; 0.0
-127.75; 62.25; 0.0
-127.75; 62.75; 0.0
-127.75; 63.25; 0.0
-127.75; 63.75; 0.0
-127.75; 64.25; 0.0
-127.75; 64.75; 0.0
-127.25; 45.25; 0.0
-127.25; 45.75; 0.0
-127.25; 46.25; 0.0
-127.25; 46.75; 0.0
-127.25; 47.25; 0.0
-127.25; 47.75; 0.0
-127.25; 48.25; 0.0
-127.25; 48.75; 0.0
-127.25; 49.25; 0.0
-127.25; 49.75; 0.0
-127.25; 50.25; 0.0
-127.25; 50.75; 0.0
-127.25; 51.25; 0.0
-127.25; 51.75; 0.0
-127.25; 52.25; 0.0
-127.25; 52.75; 0.0
-127.25; 53.25; 0.0
-127.25; 53.75; 0.0
-127.25; 54.25; 0.0
-127.25; 54.75; 0.0
-127.25; 55.25; 0.0
-127.25; 55.75; 0.0
-127.25; 56.25; 0.0
-127.25; 56.75; 0.0
-127.25; 57.25; 0.0
-127.25; 57.75; 0.0
-127.25; 58.25; 0.0
-127.25; 58.75; 0.0
-127.25; 59.25; 0.0
-127.25; 59.75; 0.0
-127.25; 60.25; 0.0
-127.25; 60.75; 0.0
-127.25; 61.25; 0.0
-127.25; 61.75; 0.0
-127.25; 62.25; 0.0
-127.25; 62.75; 0.0
-127.25; 63.25; 0.0
-127.25; 63.75; 0.0
-127.25; 64.25; 0.0
-127.25; 64.75; 0.0
-126.75; 45.25; 0.0
-126.75; 45.75; 0.0
-126.75; 46.25; 0.0
-126.75; 46.75; 0.0
-126.75; 47.25; 0.0
-126.75; 47.75; 0.0
-126.75; 48.25; 0.0
-126.75; 48.75; 0.0
-126.75; 49.25; 0.0
-126.75; 49.75; 0.0
-126.75; 50.25; 0.0
-126.75; 50.75; 0.0
-126.75; 51.25; 0.0
-126.75; 51.75; 0.0
-126.75; 52.25; 0.0
-126.75; 52.75; 0.0
-126.75; 53.25; 0.0
-126.75; 53.75; 0.0
-126.75; 54.25; 0.0
-126.75; 54.75; 0.0
-126.75; 55.25; 0.0
-126.75; 55.75; 0.0
-126.75; 56.25; 0.0
-126.75; 56.75; 0.0
-126.75; 57.25; 0.0
-126.75; 57.75; 0.0
-126.75; 58.25; 0.0
-126.75; 58.75; 0.0
-126.75; 59.25; 0.0
-126.75; 59.75; 0.0
-126.75; 60.25; 0.0
-126.75; 60.75; 0.0
-126.75; 61.25; 0.0
-126.75; 61.75; 0.0
-126.75; 62.25; 0.0
-126.75; 62.75; 0.0
-126.75; 63.25; 0.0
-126.75; 63.75; 0.0
-126.75; 64.25; 0.0
-126.75; 64.75; 0.0
-126.25; 45.25; 0.0
-126.25; 45.75; 0.0
-126.25; 46.25; 0.0
-126.25; 46.75; 0.0
-126.25; 47.25; 0.0
-126.25; 47.75; 0.0
-126.25; 48.25; 0.0
-126.25; 48.75; 0.0
-126.25; 49.25; 0.0
-126.25; 49.75; 0.0
-126.25; 50.25; 0.0
-126.25; 50.75; 0.0
-126.25; 51.25; 0.0
-126.25; 51.75; 0.0
-126.25; 52.25; 0.0
-126.25; 52.75; 0.0
-126.25; 53.25; 0.0
-126.25; 53.75; 0.0
-126.25; 54.25; 0.0
-126.25; 54.75; 0.0
-126.25; 55.25; 0.0
-126.25; 55.75; 0.0
-126.25; 56.25; 0.0
-126.25; 56.75; 0.0
-126.25; 57.25; 0.0
-126.25; 57.75; 0.0
-126.25; 58.25; 0.0
-126.25; 58.75; 0.0
-126.25; 59.25; 0.0
-126.25; 59.75; 0.0
-126.25; 60.25; 0.0
-126.25; 60.75; 0.0
-126.25; 61.25; 0.0
-126.25; 61.75; 0.0
-126.25; 62.25; 0.0
-126.25; 62.75; 0.0
-126.25; 63.25; 0.0
-126.25; 63.75; 0.0
-126.25; 64.25; 0.0
-126.25; 64.75; 0.0
-125.75; 45.25; 0.0
-125.75; 45.75; 0.0
-125.75; 46.25; 0.0
-125.75; 46.75; 0.0
-125.75; 47.25; 0.0
-125.75; 47.75; 0.0
-125.75; 48.25; 0.0
-125.75; 48.75; 0.0
-125.75; 49.25; 0.0
-125.75; 49.75; 0.0
-125.75; 50.25; 0.0
-125.75; 50.75; 0.0
-125.75; 51.25; 0.0
-125.75; 51.75; 0.0
-125.75; 52.25; 0.0
-125.75; 52.75; 0.0
-125.75; 53.25; 0.0
-125.75; 53.75; 0.0
-125.75; 54.25; 0.0
-125.75; 54.75; 0.0
-125.75; 55.25; 0.0
-125.75; 55.75; 0.0
-125.75; 56.25; 0.0
-125.75; 56.75; 0.0
-125.75; 57.25; 0.0
-125.75; 57.75; 0.0
-125.75; 58.25; 0.0
-125.75; 58.75; 0.0
-125.75; 59.25; 0.0
-125.75; 59.75; 0.0
-125.75; 60.25; 0.0
-125.75; 60.75; 0.0
-125.75; 61.25; 0.0
-125.75; 61.75; 0.0
-125.75; 62.25; 0.0
-125.75; 62.75; 0.0
-125.75; 63.25; 0.0
-125.75; 63.75; 0.0
-125.75; 64.25; 0.0
-125.75; 64.75; 0.0
-125.25; 45.25; 0.0
-125.25; 45.75; 0.0
-125.25; 46.25; 0.0
-125.25; 46.75; 0.0
-125.25; 47.25; 0.0
-125.25; 47.75; 0.0
-125.25; 48.25; 0.0
-125.25; 48.75; 0.0
-125.25; 49.25; 0.0
-125.25; 49.75; 0.0
-125.25; 50.25; 0.0
-125.25; 50.75; 0.0
-125.25; 51.25; 0.0
-125.25; 51.75; 0.0
-125.25; 52.25; 0.0
-125.25; 52.75; 0.0
-125.25; 53.25; 0.0
-125.25; 53.75; 0.0
-125.25; 54.25; 0.0
-125.25; 54.75; 0.0
-125.25; 55.25; 0.0
-125.25; 55.75; 0.0
-125.25; 56.25; 0.0
-125.25; 56.75; 0.0
-125.25; 57.25; 0.0
-125.25; 57.75; 0.0
-125.25; 58.25; 0.0
-125.25; 58.75; 0.0
-125.25; 59.25; 0.0
-125.25; 59.75; 0.0
-125.25; 60.25; 0.0
-125.25; 60.75; 0.0
-125.25; 61.25; 0.0
-125.25; 61.75; 0.0
-125.25; 62.25; 0.0
-125.25; 62.75; 0.0
-125.25; 63.25; 0.0
-125.25; 63.75; 0.0
-125.25; 64.25; 0.0
-125.25; 64.75; 0.0
